csv_file_name, 1, 2, 3, 4, 5, 6, 7, 8, 9, 10, 11, 12, 13, 14, 15, 16, 17, 18, 19, 20, 21, 22, 23, 24, 25, 26, 27, 28, 29, 30, 31, 32, 33, 34, 35, 36, 37, 38, 39, 40, 41, 42, 43, 44, 45, 46, 47, 48, 49, 50
gutenbergcarrolllewisaliceadventu, 0.4737436737725548, 1.2774172926210638, 1.749157288264532, 1.8583556721605892, 2.122255796879735, 2.2094118162804754, 2.2913389367797397, 2.4505132143649404, 2.582879886906003, 2.767255709216347, 2.8958310581409887, 3.009618263275129, 3.0991755529938234, 3.143885352021498, 3.2474535713305714, 3.247672346296461, 3.270357060507392, 3.2891935215558195, 3.386615074899171, 3.365616915745952, 3.3909284459822313, 3.4063053774242906, 3.5193923605101594, 3.5777413488273306, 3.586591777437085, 3.6319932794623244, 3.6524601731253936, 3.6015069304476652, 3.6423246689555295, 3.6160475443232603, 3.663394399546889, 3.695269852078458, 3.714537602334536, 3.747821364878009, 3.746460173047554, 3.7741858999937734, 3.8297407091326505, 3.870402563616101, 3.9303979763829973, 3.937349895915943, 3.9156513372065502, 3.9329457906754555, 3.9552307914318034, 3.9429872189592383, 3.9683360340347953, 3.96379146727466, 3.9536106964162974, 3.939223500968669, 3.9236019389389796, 3.928822960108802
gutenbergcarrolllewissylvieandbr, 1.123866195384161, 1.7043094752663053, 2.1668060710996304, 2.291099187445967, 2.39554691368123, 2.6414242051392818, 2.745440047876984, 2.8077930215986435, 2.98872220360487, 3.1264826923420035, 3.2158494274712526, 3.296004888224016, 3.396759753178294, 3.4788537452459534, 3.476969521931139, 3.508632049728298, 3.497409783128854, 3.498668659846787, 3.5782011652407024, 3.57865946071661, 3.6884877443060016, 3.743090241709292, 3.7548700413262215, 3.802854633810769, 3.836953813925644, 3.904475964108748, 3.9500102684832243, 3.9770786320743503, 3.9517173013157056, 3.9840744564929804, 3.970341589621378, 4.018422004183032, 4.049396134507799, 4.102100452304364, 4.099382686685266, 4.127442977287923, 4.184927410815306, 4.167487460232222, 4.150497221041596, 4.186800736702116, 4.157867908949641, 4.108316457526008, 4.104331254607793, 4.140560441920551, 4.113211949028097, 4.132761567520167, 4.1008430887011755, 4.110402844510131, 4.115364829484574, 4.1100823648516345
gutenbergcarrolllewisthehuntingofthesn, 0.07818247058810145, 0.993780530724519, 1.8344686431724897, 1.9478468013280075, 2.6446675626887504, 2.913859814603578, 3.0467828755516098, 3.265855815420408, 3.161204979950374, 3.310390278702662, 3.4285612232785807, 3.6163098640178335, 3.7277174531630584, 3.828384205862389, 3.8751440061818623, 3.9307257088664835, 4.095819323688983, 4.194389426861743, 4.1945537571430505, 4.2414993616589625, 4.326778381596766, 4.3755112294849985, 4.472953355384817, 4.473906054725237, 4.534467613040067, 4.613064052314365, 4.590134773138366, 4.603895326288587, 4.6388642372355395, 4.600968121830093, 4.651657410065264, 4.656851433563861, 4.70221952993909, 4.7736199865654605, 4.743480195674995, 4.795051087005904, 4.786431179677347, 4.783749986436059, 4.783882352297905, 4.7803441285727635, 4.743378420868025, 4.6847666291239465, 4.705771700541579, 4.697826042605535, 4.707261316849097, 4.652148557311001, 4.660168428086327, 4.701060475469299, 4.72548888719843, 4.69431460197627
gutenbergcarrolllewisthroughthelookinggl, 1.121963979609034, 1.554065162423075, 1.8607502047489506, 1.9494339738535722, 2.1070582159897233, 2.199396913036855, 2.4220064483932395, 2.5319368870469665, 2.586354597568592, 2.6616555995421565, 2.7335528620241183, 2.788873994499075, 2.885686583375179, 2.974864211139476, 3.053566260957836, 3.155311063559359, 3.2236832511085165, 3.321936141525929, 3.3030450652416743, 3.408068195848866, 3.4378224760868767, 3.489265365120836, 3.540924413995094, 3.555097687541945, 3.5957615265248095, 3.634292248655326, 3.627220306192657, 3.636167116225629, 3.6409971005992383, 3.6208513257948134, 3.6572279397461047, 3.659992098226339, 3.697499089730993, 3.6321831983606425, 3.6064590692529896, 3.6143116812761646, 3.628057389938594, 3.6230873299542528, 3.6348581618134768, 3.6358229685396894, 3.6682501695162495, 3.653905420085295, 3.6822516326216075, 3.6968484706152482, 3.7388310167284677, 3.7080695771409067, 3.744186697246525, 3.7546357075268775, 3.7759804251309927, 3.797457893968573
gutenbergshakespearewilliamham, 0.46772285467210717, 1.3156802179398257, 1.8659084976749134, 2.1593318615928827, 2.48700305042867, 2.692214470370953, 2.839261463891622, 3.0193957820225292, 3.2645355344370017, 3.430602552936803, 3.561561923677397, 3.6627010302017693, 3.6973123466625335, 3.785438487666174, 3.8235761374974127, 3.9027548679881807, 3.9033083235712738, 3.9963221468436942, 4.016843820992719, 4.077618607408625, 4.163482212689387, 4.209298994277576, 4.228435165176445, 4.24838278813883, 4.262360002332314, 4.2592551284795, 4.302402049795174, 4.33229783481695, 4.3110719187662125, 4.320715432989874, 4.303854169251421, 4.31032758987782, 4.292195944959204, 4.278410701794016, 4.212488961609861, 4.204532354171548, 4.190370075291255, 4.220859027712087, 4.218778025234797, 4.213189820013352, 4.200574813661754, 4.214205217735874, 4.213848169683359, 4.210206210189325, 4.199615695589934, 4.191105696844043, 4.188292056992347, 4.224548396509432, 4.206433203188904, 4.202964609329077
gutenbergshakespearewilliammacb, 0.40641757047682286, 1.1088757291175104, 1.5102358924144776, 1.8792291582223104, 2.136099956342275, 2.1673030195637883, 2.2397754493233992, 2.3486016135248904, 2.400836185569354, 2.552109326949469, 2.674183590420129, 2.6770101795363, 2.733184953249419, 2.74392415291142, 2.706173376060026, 2.700741575097653, 2.787769077291575, 2.7973230034165413, 2.824376030367194, 2.869979606982515, 2.9461660532430685, 3.013050198979018, 2.9941518497983863, 3.0586286757502497, 3.070554438816484, 3.097642613157078, 3.109815086942151, 3.113046596463142, 3.153768655607884, 3.1697250638873986, 3.161355826627259, 3.190126117355516, 3.2364770532282403, 3.192944420062704, 3.1449728232269094, 3.1485428992533206, 3.1785517837094073, 3.1678414514917805, 3.203847041896945, 3.1666566839415453, 3.173736197917632, 3.196616624568717, 3.239450314603321, 3.223489530869387, 3.2241488986934725, 3.200713140559828, 3.2134659348609773, 3.218506273788961, 3.2539543162453457, 3.237960695089212
gutenbergshakespearewilliamothe, 0.6737167580659087, 1.304963011886379, 1.4883863326034834, 1.9147594823875136, 2.1869423324593225, 2.5224893319231576, 2.7835690982272254, 2.817857541959123, 2.9122351114805842, 2.9259318882305965, 3.0820169867730494, 3.113398562756132, 3.1683003489268455, 3.1576338193617, 3.2247698556495332, 3.275782451637075, 3.3585066074389696, 3.37879382668563, 3.50684506838953, 3.603021655360046, 3.6365305663052223, 3.6596293858479862, 3.656318899173666, 3.66486765757491, 3.6715275430737804, 3.6925837016054657, 3.7187465725197435, 3.6921034216851463, 3.7053794190491542, 3.7163876011980004, 3.7182721708727495, 3.7179902189233665, 3.7013204404600994, 3.6599896808340806, 3.62219677312013, 3.6440554899284123, 3.6841585428301333, 3.6867242351157166, 3.7006130273306934, 3.7156905674467366, 3.7231357380446957, 3.696407128235565, 3.674067257768272, 3.669238413841526, 3.664052477571271, 3.6538839525097253, 3.629707360211547, 3.6327245195261617, 3.6126030574609334, 3.601250351099925
gutenbergshakespearewilliamromeoandjulie, 1.1594567004556475, 2.345585280017076, 2.8513585278647926, 3.5803580706301257, 3.742149501968679, 3.9691766136443998, 4.220564907010508, 4.399050982777259, 4.596041199427771, 4.736008970318235, 4.859535558934568, 4.857393445309194, 4.858619354572283, 4.975433970802365, 4.990494834804425, 5.013871029755284, 5.082972787007573, 5.144676974417023, 5.168490634275121, 5.204209430644442, 5.298386741151077, 5.40367371366517, 5.4056617759309615, 5.421817777277791, 5.434082515863549, 5.4466076127657574, 5.455143663068836, 5.492686117802098, 5.509384753204549, 5.512568851202304, 5.554325232823092, 5.6132855478689665, 5.637160893362443, 5.657312660363148, 5.661879713540014, 5.635411857912407, 5.658891955963808, 5.649064448877761, 5.634114543175091, 5.645500928754221, 5.62315712272687, 5.596165041759345, 5.614340048499178, 5.578507966597692, 5.593861876347311, 5.600449058830341, 5.6018665747776675, 5.585657080451248, 5.583778719575015, 5.600603681290559
gutenbergwellshgdoctormor, 0.7496359818333185, 1.584552406288848, 2.32168648825446, 2.6595430549096313, 2.8183144060793617, 3.040813998655957, 3.2303986724664258, 3.350617198301334, 3.508382817241472, 3.712450811340275, 3.736295646589146, 3.819389746205366, 3.9149603970495224, 4.014564006931316, 4.047934643338294, 4.157729647227233, 4.269066944520687, 4.29627515306812, 4.325853076858432, 4.378272501431804, 4.4245476596817, 4.448608076618672, 4.498689864254992, 4.6091869685141305, 4.568376068909173, 4.595636365501735, 4.690116929684363, 4.745263903915689, 4.802706144687931, 4.827966251145735, 4.8475206298671605, 4.849882999881143, 4.816732387452484, 4.857756693076924, 4.885740465621353, 4.923764478185113, 4.936501385648811, 4.992827417784721, 4.98972114529511, 5.033283350950503, 5.031581261036714, 5.070455506409147, 5.098082487319234, 5.077666145455666, 5.099547313348774, 5.106254999810859, 5.139947584155389, 5.114586507631043, 5.134252499107951, 5.140618324026228
gutenbergwellshgthefirstmeninthem, 0.9279349872089394, 1.4297369592464981, 1.9570400211770007, 2.0254519437763556, 2.3791013618505095, 2.4923663271744387, 2.6622362864853084, 2.7290871604247555, 2.8433436980092854, 2.9778723051415668, 3.015295664041587, 3.0350356281464124, 3.1542384584587224, 3.292478448807129, 3.404428560925629, 3.512790891497834, 3.557928452713888, 3.6164386878309025, 3.611337447167497, 3.627216099195126, 3.6700118913041804, 3.638347328773907, 3.6826136045809417, 3.7182203194799865, 3.800833034895848, 3.8641132297396266, 3.9120418729603466, 3.929439471959571, 3.96385469724371, 4.009336772228251, 4.087977975366656, 4.1117640828201765, 4.179179154235238, 4.195020113532861, 4.239692178226621, 4.264235614994005, 4.323968829240135, 4.345282078245791, 4.37103324895747, 4.362408910068101, 4.361820128297657, 4.387188270472685, 4.383617235038818, 4.361866899561987, 4.347780058373423, 4.3721077994319115, 4.393558700949898, 4.365901577595935, 4.3758532697480295, 4.354981427489214
gutenbergwellshgtheinvisible, 0.7917862272051667, 1.5041255143095273, 2.2715278814648436, 2.699818103086857, 3.0367820763490863, 3.32102607695014, 3.5525936394088857, 3.6943014595344073, 3.812688044030043, 3.9072021514394835, 4.000598627153737, 4.025239606318793, 4.131812399428746, 4.237194870045871, 4.282834457076804, 4.447419975606121, 4.520919097631309, 4.591486251990461, 4.688327241646678, 4.797971604156259, 4.849792536474261, 4.881657208563426, 4.975138413543822, 5.050511101995186, 5.064900927885178, 5.079466888565309, 5.120622496449032, 5.157139500736304, 5.203116995424225, 5.274301780665521, 5.335719963050168, 5.384637392555479, 5.455420453275724, 5.50938315569599, 5.496284402548705, 5.579616822645673, 5.558081173054068, 5.619617022627359, 5.672536104175893, 5.71283551580382, 5.723293311010103, 5.774741349714615, 5.820068289248692, 5.875855638783748, 5.944784782457065, 6.000634405509872, 6.0569230320777345, 6.057684618478693, 6.082619193617453, 6.123705942396329
gutenbergwellshgthetimemach, 0.5144360433696549, 1.2093826421065443, 1.6383209020430012, 1.8644507925800147, 1.8862892691537645, 2.0719036234949124, 2.1710593198677475, 2.306925935229377, 2.47254873292504, 2.5535889553101647, 2.6122213681425506, 2.667801128183523, 2.7164307556690366, 2.831393682284977, 2.901546511884848, 2.8803476851141077, 2.931280141778572, 2.9296682320970215, 3.0890538020179004, 3.0682273423329023, 3.048881067190535, 3.112985868390587, 3.1563725662819357, 3.1455407064102197, 3.1336129889473554, 3.210983982204295, 3.26887396933328, 3.293136554217172, 3.3304248826105476, 3.320420279366936, 3.3285627317828648, 3.3633685854828665, 3.3818603808700787, 3.403105373959166, 3.403350694910235, 3.446488879006623, 3.4755299817921, 3.4393356045950063, 3.4722816708401165, 3.4704025265995813, 3.4668597623781743, 3.51211480535838, 3.5319234898065415, 3.4905824785255537, 3.491008603466414, 3.507915127116191, 3.530865745910172, 3.5231653468117012, 3.5021285192554643, 3.5065937397273528
gutenbergwildeoscaranidealhusb, 1.402955435341736, 1.9830394088250847, 2.308859978035473, 2.6558256567306953, 2.921558376722971, 3.144002542441708, 3.418813552637794, 3.531544893216594, 3.695375210698319, 3.7712652546628145, 4.058231375675098, 4.1733881496455085, 4.240576570952163, 4.315726000766444, 4.3523804474842835, 4.3995706023420205, 4.389222968033244, 4.44847140261956, 4.49185209010016, 4.502794851730013, 4.491181630687822, 4.447034464102657, 4.485671520539924, 4.491450395240574, 4.548198228502135, 4.597993207112172, 4.669669415832728, 4.7016156419912205, 4.748063044435024, 4.738497483572816, 4.8120356159200055, 4.8451381001746645, 4.87740060165095, 4.8389816119503175, 4.827372225553717, 4.8051987151689834, 4.847889635123626, 4.805535394391239, 4.80850143792623, 4.75172301477763, 4.6785326658108435, 4.662832108539497, 4.673213202256304, 4.683559614762177, 4.727404066257034, 4.747586304192491, 4.780232148350638, 4.784300279966161, 4.820622612579137, 4.802815831047878
gutenbergwildeoscarthecantervillegh, 1.3464453780907153, 1.8336613058529392, 2.333189410098661, 2.665271561920626, 2.8628030408690766, 3.045450986605268, 3.2830616094461713, 3.4060428114726937, 3.557089790771527, 3.683179301715204, 3.775292938493082, 3.8760570448823413, 3.876740318942931, 3.8736735108849336, 3.953477591230815, 4.036167876262905, 4.000982699705895, 4.07476343158934, 4.118942355202129, 4.150899762141518, 4.121770357768973, 4.154631423755342, 4.142957123632615, 4.167882441833399, 4.17832890412503, 4.1742264377912575, 4.213440207946416, 4.236687288830149, 4.239120179279233, 4.2701674557628175, 4.266008540082584, 4.293671128695182, 4.34657987008186, 4.393222323227865, 4.417286332895584, 4.434352696786076, 4.436467481172748, 4.452151081363147, 4.484034813989466, 4.503621088144473, 4.48336108288241, 4.497451757595646, 4.527658076444389, 4.522055166526303, 4.528733121226836, 4.557977994535606, 4.548860349573709, 4.587918592346725, 4.607339656149965, 4.619489110292796
gutenbergwildeoscartheimportanceofbeingear, 1.6339235151604734, 2.144434337757579, 2.557696709650594, 2.7545204626730704, 3.001118482784591, 3.1975194781294816, 3.3382933172558666, 3.470139827485212, 3.57328374782579, 3.618807599386986, 3.653379858906375, 3.7204989546129035, 3.7502516938356445, 3.7974704223229874, 3.771594769475231, 3.7631627490209327, 3.837385742077155, 3.7764925364472215, 3.780994870303128, 3.767477487895935, 3.7370702090288934, 3.7180079019922156, 3.7225319182767347, 3.729403525369328, 3.749868510599773, 3.7674009726427213, 3.7462331021005144, 3.7312149772112746, 3.672406748604201, 3.6940511305027197, 3.701389249542048, 3.6702804327564085, 3.681145670924639, 3.6224098898741715, 3.5830341325510675, 3.59205835063091, 3.5456957734543164, 3.5200258997706126, 3.5420856947079775, 3.4962060178634777, 3.4560601163872033, 3.4663807438135326, 3.4273721383752322, 3.4396880735024524, 3.423253379485595, 3.4454939038982033, 3.43403313117281, 3.4331983390242726, 3.39413005478584, 3.405556325174604
gutenbergwildeoscarthepictureofdoriang, 1.122996405785262, 1.9198372095587086, 2.6402598656161214, 2.8951254720837056, 3.1125727768028675, 3.531786228202039, 3.8508328031301846, 4.156519674545419, 4.326690653181497, 4.517503876522947, 4.568711494698483, 4.574444893310101, 4.635594032900367, 4.652006608524738, 4.736805608038656, 4.835878377034389, 4.855642332090289, 4.905721927164938, 4.9612464054665235, 5.007619859460074, 5.0134251993000705, 4.982507929800742, 5.011395448768569, 4.982315173314277, 4.981592083399112, 5.0235177497090255, 5.087327688242978, 5.076266596148488, 5.039378690461834, 5.054448946586511, 5.113648917774619, 5.090552292207762, 5.068378864360909, 5.119247141749398, 5.099140512371996, 5.120009668922514, 5.084202288385757, 5.0721037282209975, 5.083304898982258, 5.109448562400055, 5.13744881186424, 5.164645264671686, 5.168229259872891, 5.160877843688368, 5.177520799600774, 5.141579910152153, 5.129346934239145, 5.09625275642468, 5.121517399006728, 5.1210027028748835
carrolllewisaliceadventures, 1.896244027181929, 2.407811532083561, 2.783622802867416, 3.0220370585995617, 3.2759156964901903, 3.4517924322569327, 3.6338513539394275, 3.845583709394289, 4.053193516869369, 4.2041998761143295, 4.374630426542819, 4.52708576824318, 4.614510836066288, 4.692647188037639, 4.731156680848755, 4.802689080479677, 4.907501105097226, 5.032585164220931, 5.118183511805723, 5.1520772027989254, 5.26813321025931, 5.324671624333638, 5.379387619362399, 5.413453017970716, 5.441665001329929, 5.479893708300157, 5.528109189225057, 5.557923841190567, 5.624664703081046, 5.620792784080331, 5.638783312439691, 5.7527408977634265, 5.797076064750414, 5.834225767721353, 5.829743295005972, 5.839353796891178, 5.870636649205938, 5.889967085800278, 5.893435216678256, 5.894906739668164, 5.87851992771919, 5.936646097640386, 5.946865766738899, 5.976317618886978, 5.98360489142666, 6.0156880799777745, 6.034961410342048, 6.042565416353721, 6.069846282731601, 6.1039553283251955
carrolllewissylvieandbruno, 2.7753965060099453, 3.198894071473338, 3.4854186953991366, 3.630813663306307, 3.735590058850112, 3.936839281533738, 4.09960282167619, 4.272662952476445, 4.470217969149563, 4.605567184277096, 4.7722178042957255, 4.793133617923535, 4.869638513010747, 4.9555644662395215, 5.069020333962233, 5.146642110631149, 5.170983394681924, 5.214721878043498, 5.259496299090656, 5.3023819059291855, 5.328075456547654, 5.334600384854037, 5.392048615251576, 5.415726514879815, 5.480455775443165, 5.490695803873599, 5.527113246110179, 5.5330353540066834, 5.530662753002697, 5.545092730382568, 5.524520794813787, 5.541305698497863, 5.567351259894127, 5.5716539851773215, 5.585618452903423, 5.583320525302873, 5.5923405825803, 5.611071726685025, 5.624427559606464, 5.616543721506553, 5.628959749737222, 5.6303928131444, 5.642485688039871, 5.680936152916306, 5.702661598946202, 5.712107651966604, 5.704638128409953, 5.71486273464649, 5.715193449552696, 5.7329299811354595
carrolllewisthehuntingofthesnark, 1.7323978359909415, 2.239290057342644, 2.5776046735131803, 3.024350891185284, 3.147363433097362, 3.246899008930965, 3.39745298063915, 3.462710124118393, 3.4946687808123036, 3.528001875329309, 3.5959134888459134, 3.6277932403424518, 3.652372607882001, 3.6844022582427494, 3.730108456109244, 3.7130018041581168, 3.748937050988735, 3.7155542859229436, 3.7468821229555975, 3.7081198493367906, 3.7106247569487847, 3.671735877368602, 3.675816437844349, 3.6909969248693995, 3.7312227954708552, 3.748477943129777, 3.755166896227142, 3.7320933094982434, 3.7803695607299366, 3.7990405310526643, 3.8263079340179633, 3.836787277344886, 3.8769412252433146, 3.8910489623229174, 3.9109889249373544, 3.924859704604686, 3.936239934553059, 3.957774040311513, 3.937495523123081, 3.950565432431799, 3.9584099135144633, 3.934351068311276, 3.9064051592400544, 3.8995639579756283, 3.9026305914357358, 3.90501484816414, 3.8977681272062257, 3.888383927020924, 3.8861314176721913, 3.882561572609482
carrolllewisthroughthelookingglass, 2.1867849620693387, 2.417774859139078, 2.7101018492503046, 2.872625648983316, 3.108752987492614, 3.311759039898918, 3.447340776580785, 3.4836741520775125, 3.5181148566675735, 3.6578121389482066, 3.7635281473753173, 3.8940881436854022, 3.9482511114956798, 4.016699206291627, 4.10115182039788, 4.210449133251539, 4.343750608908452, 4.397383637751525, 4.452297119984238, 4.546576226946796, 4.580780460506555, 4.688492845282851, 4.756853807720037, 4.831356539061641, 4.882572066572969, 4.91367776563178, 4.961443264861912, 4.965567003160899, 5.052351022011759, 5.122455162352503, 5.143117177711194, 5.1564773850420815, 5.188241122781702, 5.2326435127060895, 5.285293648216597, 5.306032068048983, 5.301718170686307, 5.341930528936267, 5.356220969231304, 5.3792125244868005, 5.44083386925323, 5.484599496971206, 5.459727664965079, 5.484064649905088, 5.4690751060229195, 5.484363174961841, 5.516899674047031, 5.541352480930631, 5.56006079256774, 5.570931165575416
shakespearewilliamhamlet, 1.6632039846537199, 2.156376565059641, 2.3815359285760986, 2.636996686971129, 2.937786019841256, 3.1632738407708128, 3.233911024976338, 3.337157549960763, 3.4745400388728687, 3.5141397983369864, 3.5516243232604667, 3.5522434129907055, 3.5831693683262817, 3.6711617967831804, 3.6920684635630927, 3.7339659844192377, 3.744927604297736, 3.723865899512322, 3.758426153872156, 3.7606305774320576, 3.8322110656140227, 3.841320446470713, 3.838259450274465, 3.8247497653701634, 3.8552224826421155, 3.8802359345600554, 3.8903686024448336, 3.9193683358100593, 3.9430657792906607, 3.929313864356712, 3.950499672407043, 3.9393739249288804, 3.969924622239589, 3.976663181750252, 3.970648756237404, 3.9755141403708416, 3.975579686107644, 3.95147451294589, 3.9744963680438428, 3.9719844557659476, 3.9855401676748348, 3.9949016958570573, 3.983456927308991, 3.9780389303112096, 3.9389787813837964, 3.931510759430827, 3.941517765685976, 3.946140612750395, 3.951837392776453, 3.9451947276343913
shakespearewilliammacbeth, 1.7404013813850852, 2.180645922626301, 2.5756088012017178, 2.643576349569256, 2.7270341784721035, 2.85069521095615, 2.9626422029276767, 3.1433695235485155, 3.205299118435068, 3.2353465538292654, 3.285382594491553, 3.3492138240050644, 3.384721397942692, 3.437082992144933, 3.48567281276482, 3.5019057299532954, 3.5488768630267415, 3.5365695359575584, 3.600150262592823, 3.6734007916700966, 3.710584161635091, 3.7530975553624417, 3.728550796784181, 3.744047362114914, 3.7706058173570156, 3.8011093168998964, 3.821280901718888, 3.8651799977573176, 3.8497399450179914, 3.876871851825924, 3.882885625323692, 3.8637643500490677, 3.8727565844321656, 3.944117056669729, 3.9309181296756233, 3.9380351772679334, 3.937341594565739, 3.96285999631839, 3.9728364671099277, 3.9800325271673627, 4.030184452593471, 4.068436457742734, 4.071532972176614, 4.071670623995653, 4.06392939200066, 4.064616980491443, 4.0318177384187806, 4.037142617785082, 4.064213982553547, 4.0765609916908705
shakespearewilliamothello, 1.5359836989710662, 1.8227695419164385, 2.239277284542508, 2.4687084417939147, 2.667929242848411, 2.809690667241825, 2.9798319065234646, 3.121990849771911, 3.2595844956116893, 3.3097523854127804, 3.3945410711803574, 3.4968363727493212, 3.525777011233711, 3.650997845175967, 3.7439452685250667, 3.8013425055307857, 3.8669602443635465, 3.8433309420415185, 3.885994566936892, 3.9409873181273114, 3.9343639814375493, 3.9600140528373142, 3.9582217282848764, 3.9597669099098414, 4.014616538274746, 4.014162200127557, 4.024256545484433, 4.075286365901703, 4.0538476735698925, 4.0385786429772565, 4.047563545368065, 4.037114448594783, 4.097934769349932, 4.11385108369179, 4.0972825046036565, 4.091827301752532, 4.087004454053194, 4.102747098901527, 4.1094581522038975, 4.080935326410337, 4.076418328310617, 4.0985948866102655, 4.112836494271456, 4.118768450033754, 4.124736993838694, 4.109503535749389, 4.098815600938646, 4.105008423921394, 4.1169984559893775, 4.098029795166299
shakespearewilliamromeoandjuliette, 3.2412222237021946, 3.9775532275056493, 4.409878134451698, 4.965086686133431, 5.268064713250127, 5.4998434359803365, 5.59331758692204, 5.75380314448997, 5.85640408938975, 6.057906005881985, 6.222316513928174, 6.321583935458283, 6.417975521813771, 6.459649177428244, 6.539656708581943, 6.5222712507923495, 6.5800684156446865, 6.6214258333634275, 6.682040145206331, 6.682791178450749, 6.705857376291068, 6.7304030730382545, 6.741202697224992, 6.76717033826973, 6.807149823110735, 6.8162094903479575, 6.784505574273339, 6.809752399705594, 6.839118687876337, 6.878565089671468, 6.943346991158238, 6.93620142247712, 6.955983094285021, 6.980214956627872, 7.012634788427516, 7.029314544292848, 7.040127064500138, 7.0122842781498615, 7.036108956341074, 7.027830382264009, 7.028967556812169, 7.012175470889742, 7.031576939861957, 7.037272261155568, 7.061703867881211, 7.052009575916127, 7.011940549706979, 7.006072332094253, 7.005738425946283, 7.003727069882337
wellshgdoctormoreau, 3.550856516070407, 4.184193996530126, 4.566184342316982, 4.783800522191111, 4.889235655927054, 5.07513734243377, 5.236496184052045, 5.284409836442568, 5.3728198824699795, 5.4518884045190035, 5.602993548581356, 5.6810590413378925, 5.756420789661228, 5.835851271967787, 5.969503050727833, 6.043852665757192, 6.156453617446793, 6.19993844320064, 6.2880077413653614, 6.305090821782685, 6.347005613934295, 6.338722490397162, 6.35691733537281, 6.422381548373436, 6.433427645476125, 6.442296611416932, 6.422149403515248, 6.442407339986615, 6.484127220279322, 6.532331777073982, 6.556805182679137, 6.563449141068595, 6.577466113111293, 6.598171294403728, 6.654196283894947, 6.695686776486643, 6.711136881122067, 6.7502886427930155, 6.787453782836673, 6.835558503536383, 6.858460680926468, 6.91163443714884, 6.937671469007253, 6.973916057550181, 7.016436614483837, 7.038645644739202, 7.08247523341754, 7.110461947820279, 7.115240201006516, 7.126092665058888
wellshgthefirstmeninthemoon, 2.9537261999984876, 3.6177080964011066, 4.15633986438353, 4.4387119296498065, 4.643408786640891, 4.748029873804452, 4.846940632290109, 4.980238152483829, 5.124656124977665, 5.228160729848571, 5.343101599175815, 5.412854962396207, 5.463888787868619, 5.519602156043218, 5.568512854457802, 5.590901209833463, 5.628798802360246, 5.721940509438541, 5.77311605267742, 5.780202780748594, 5.807616870057296, 5.847690581625909, 5.831446577585638, 5.81491006283088, 5.811373881318214, 5.797358134280446, 5.7510374741522385, 5.765276953155418, 5.792206410502306, 5.7848326560634655, 5.79526576052389, 5.781393431304349, 5.760705524934901, 5.778915869642974, 5.79065154439001, 5.809224098915178, 5.807419027435489, 5.832411976720578, 5.865865578946415, 5.891016725654103, 5.910092670828005, 5.8763093953249825, 5.878708098424718, 5.8736189004618815, 5.8744321819407785, 5.900444953733409, 5.908177355116264, 5.915312696635232, 5.945267361474297, 5.943314169121124
wellshgtheinvisibleman, 2.97600559967312, 3.5070964126173774, 3.9718580702898425, 4.361764573829203, 4.65456089784383, 4.815793707496237, 5.019471037532752, 5.0853934302478265, 5.397556796254115, 5.528997130647289, 5.640734794051256, 5.807412753677445, 5.945386531462122, 6.06790430694006, 6.115570558903576, 6.201795854270816, 6.3237491017468255, 6.4523402651055894, 6.539051654683787, 6.610215238957113, 6.7143853166096905, 6.802481091072656, 6.875286509209191, 6.979015737432007, 7.071341195885757, 7.1032322136632455, 7.1853080125023325, 7.220229040597893, 7.336580424346473, 7.43138620943818, 7.481753348011509, 7.556623049328962, 7.621998568108489, 7.671773736884173, 7.70399135769146, 7.783426996282728, 7.85680787303069, 7.910752321443059, 7.975262715884607, 8.022932132337221, 8.025681457289728, 8.076115208403554, 8.141038608405983, 8.14910206814119, 8.184823115529666, 8.214346748281713, 8.256973655389345, 8.275668505021908, 8.343638030903044, 8.371584230364462
wellshgthetimemachine, 3.0931242190327177, 3.6241587555895274, 3.8360313477172334, 4.103950757290941, 4.2256748904112404, 4.341066158633701, 4.442839088018364, 4.476966810971423, 4.508957047054861, 4.576445589384609, 4.6296801405364185, 4.6630955638434015, 4.725479236491379, 4.771542851768563, 4.82070721566654, 4.84991333783425, 4.8994164530537105, 4.942891134911164, 4.981681730173117, 4.979310037951234, 5.0102295010260125, 5.015467966819056, 5.060810421438456, 5.100931991537688, 5.085170345796279, 5.0963720791228395, 5.124154159924752, 5.1282036656141345, 5.099753589164437, 5.118115644897412, 5.13360132878493, 5.122980043938434, 5.118780316456225, 5.129438468066822, 5.139488911763803, 5.137772062667597, 5.153505464334576, 5.130324055715516, 5.1429192516557345, 5.156497755103571, 5.165504222536106, 5.1465092253741895, 5.094293312878092, 5.090214715488167, 5.105275115118747, 5.1076518114473, 5.1347729258375425, 5.123950153123865, 5.140471599559592, 5.162666120999713
wildeoscaranidealhusband, 3.281591400843124, 3.5424866756918316, 3.8184638356636382, 4.268338676695671, 4.550173942310425, 4.730739057222931, 5.002856046884491, 5.235468537679562, 5.522726354099225, 5.7915097776448246, 6.0514773700947515, 6.079652883983863, 6.2308615552339806, 6.357261069978745, 6.458473687788099, 6.511711285630257, 6.662678971797045, 6.784938670135769, 6.869898567037184, 6.987122124973467, 7.021853662684954, 7.067146167433929, 7.074765639541199, 7.126419780481842, 7.21562841761202, 7.239667710389005, 7.27738239255734, 7.266635469320716, 7.29102951077335, 7.332786425726123, 7.375273119108614, 7.4374957054307265, 7.432495028803205, 7.470276279213856, 7.522355119697665, 7.562776712089978, 7.605203830112661, 7.5901579752481485, 7.621167553713624, 7.6726525853366825, 7.727611586721098, 7.750345577095437, 7.7550915142190915, 7.744146771328089, 7.738955647447774, 7.727240461834377, 7.7641796271319965, 7.7714184951212495, 7.784851366243058, 7.791461303138454
wildeoscarthecantervilleghost, 3.2710987279333668, 3.534763155451818, 3.6433650218642497, 3.7928666833230733, 3.913933791813234, 3.8898617048223687, 3.984435742527871, 3.9948639702060524, 3.99463846596717, 4.015658705474818, 4.0533877981553275, 4.073739027290023, 4.093213621933513, 4.116353951761072, 4.08682881712946, 4.0934074811997725, 4.096837219260603, 4.097400359470342, 4.089634129962025, 4.09099976657924, 4.083020606986073, 4.128281108889129, 4.149789092256832, 4.150691252347597, 4.160023894691619, 4.207164800451847, 4.203632363109965, 4.239470625188666, 4.258262569894745, 4.327677619594051, 4.346000547747192, 4.362322156626659, 4.364698918315287, 4.384188683820444, 4.378307655518154, 4.355399437499081, 4.375446904027401, 4.385279275675328, 4.418940273885324, 4.426385145971908, 4.433701879560265, 4.4277209008128295, 4.409581252438561, 4.42850180922842, 4.428204637077784, 4.443460454280993, 4.431706215295623, 4.439414699070985, 4.430150783494366, 4.429160255653517
wildeoscartheimportanceofbeingearnes, 3.016549758657244, 3.256249432637137, 3.729396966986436, 4.0439088342876754, 4.4093037529139885, 4.715848713688898, 4.97346266288888, 5.142312040818455, 5.240167479647278, 5.376582642623477, 5.510509320362062, 5.649093346306654, 5.769129922198287, 5.9369710763419565, 6.07921484434254, 6.18792516041548, 6.249593558498672, 6.348950085607744, 6.397877040313239, 6.434488060056494, 6.544027166507468, 6.58853126330109, 6.666293080820165, 6.660365450220994, 6.673626318776168, 6.709376862772757, 6.72474932651606, 6.766644485700373, 6.827476119123798, 6.865201034750334, 6.867854660784736, 6.882266099681069, 6.875796050799577, 6.868652254595418, 6.906338452240721, 6.96662697763752, 7.019335506009772, 7.074381981484999, 7.111754008970187, 7.1575869291844425, 7.173676418313809, 7.187075425165129, 7.198098447252714, 7.1901577586984, 7.200110543960603, 7.214136086401511, 7.2249748751030705, 7.240134937846842, 7.253284179239328, 7.268046172140034
wildeoscarthepictureofdoriangray, 3.5698767390445107, 4.3126605868287715, 4.896872809940004, 5.175288134589038, 5.394229928368349, 5.586385754582039, 5.690170538160063, 5.7950572311995625, 5.842969972372647, 5.943810815965096, 5.899543565230372, 5.906852104047495, 5.889930945277557, 5.920321353915879, 5.993743791186862, 6.039909135145559, 6.023112864098941, 6.025165182840395, 6.0511303546154895, 6.093415210614087, 6.153802449599296, 6.173194177595705, 6.175660724173133, 6.211299080510985, 6.305066961058913, 6.322189688873962, 6.334253441251491, 6.354197720446387, 6.396059302380967, 6.42949551961979, 6.439824994354844, 6.467262882013392, 6.492976299491973, 6.528657440982567, 6.579185823599275, 6.62646053310546, 6.661121837146659, 6.695734786940547, 6.766359529361864, 6.804317997571286, 6.814484326919546, 6.870310797382371, 6.889418496496559, 6.898281142122036, 6.936502097959323, 6.913606920823556, 6.9093421203390575, 6.93160140427587, 6.962258087088631, 6.964769627053032
