input_file,n_groups,n_tests,dist_option,exch_mat_opt,exch_range,alpha,beta,kappa,mean_nmi,mean_pk,mean_rdm_pk,mean_wd,mean_rdm_wd,mean_ext_nmi,mean_ext_pk,mean_rdm_ext_pk,mean_ext_wd,mean_rdm_ext_wd
corpora/clinical_pp/cl156_pp_wostw.txt,4,3,max_minus,u,5,1,5,0,1.5699509157008945e-15,0.2727272727272727272727272727,0.7272727272727272727272727273,0.2727272727272727272727272727,1,1.5699509157008945e-15,0.2598102377884502752723439147,0.7401897622115497247276560853,1.0,1.0
corpora/clinical_pp/cl156_pp_wostw.txt,4,3,max_minus,u,5,1,5,0.25,1.5699509157008945e-15,0.2727272727272727272727272727,0.7272727272727272727272727273,0.2727272727272727272727272727,1,1.5699509157008945e-15,0.2598102377884502752723439147,0.7401897622115497247276560853,1.0,1.0
corpora/clinical_pp/cl156_pp_wostw.txt,4,3,max_minus,u,5,1,5,0.5,1.5699509157008945e-15,0.2727272727272727272727272727,0.7272727272727272727272727273,0.2727272727272727272727272727,1,1.5699509157008945e-15,0.2598102377884502752723439147,0.7401897622115497247276560853,1.0,1.0
corpora/clinical_pp/cl156_pp_wostw.txt,4,3,max_minus,u,5,1,5,0.75,0.20580703593038363,0.3434343434343434343434343433,0.7272727272727272727272727273,0.350168350168350168350168350,1,0.20580703593038363,0.3341142477841552457928233963,0.7401897622115497247276560853,1.0,1.0
corpora/clinical_pp/cl156_pp_wostw.txt,4,3,max_minus,u,5,1,5,1,0.5100673874693832,0.5488215488215488215488215487,0.7272727272727272727272727273,0.606060606060606060606060606,1,0.5100673874693832,0.5174729608371402912810901567,0.7401897622115497247276560853,1.0,1.0
corpora/clinical_pp/cl156_pp_wostw.txt,4,3,max_minus,u,5,1,10,0,1.5699509157008945e-15,0.2727272727272727272727272727,0.7272727272727272727272727273,0.2727272727272727272727272727,1,1.5699509157008945e-15,0.2598102377884502752723439147,0.7401897622115497247276560853,1.0,1.0
corpora/clinical_pp/cl156_pp_wostw.txt,4,3,max_minus,u,5,1,10,0.25,1.5699509157008945e-15,0.2727272727272727272727272727,0.7272727272727272727272727273,0.2727272727272727272727272727,1,1.5699509157008945e-15,0.2598102377884502752723439147,0.7401897622115497247276560853,1.0,1.0
corpora/clinical_pp/cl156_pp_wostw.txt,4,3,max_minus,u,5,1,10,0.5,0.18330555822360428,0.2727272727272727272727272727,0.7272727272727272727272727273,0.3131313131313131313131313131,1,0.18330555822360428,0.2597321463433680840263949084,0.7401897622115497247276560853,1.0,1.0
corpora/clinical_pp/cl156_pp_wostw.txt,4,3,max_minus,u,5,1,10,0.75,0.42929815845828273,0.3703703703703703703703703703,0.7272727272727272727272727273,0.505050505050505050505050505,1,0.42929815845828273,0.3619928936784975205966186403,0.7401897622115497247276560853,1.0,1.0
corpora/clinical_pp/cl156_pp_wostw.txt,4,3,max_minus,u,5,1,10,1,0.5673034524653703,0.3636363636363636363636363637,0.7272727272727272727272727273,0.505050505050505050505050505,1,0.5673034524653703,0.337042676974737417515911132,0.7401897622115497247276560853,1.0,1.0
corpora/clinical_pp/cl156_pp_wostw.txt,4,3,max_minus,u,5,1,50,0,0.08641626421218106,0.7272727272727272727272727273,0.7272727272727272727272727273,1,1,0.08641626421218106,0.7401897622115497247276560853,0.7401897622115497247276560853,1.0,1.0
corpora/clinical_pp/cl156_pp_wostw.txt,4,3,max_minus,u,5,1,50,0.25,0.12788264915189085,0.7272727272727272727272727273,0.7272727272727272727272727273,1,1,0.12788264915189085,0.7401897622115497247276560853,0.7401897622115497247276560853,1.0,1.0
corpora/clinical_pp/cl156_pp_wostw.txt,4,3,max_minus,u,5,1,50,0.5,0.15287364756681168,0.7272727272727272727272727273,0.7272727272727272727272727273,1,1,0.15287364756681168,0.7401897622115497247276560853,0.7401897622115497247276560853,1.0,1.0
corpora/clinical_pp/cl156_pp_wostw.txt,4,3,max_minus,u,5,1,50,0.75,0.19914755109535076,0.7272727272727272727272727273,0.7272727272727272727272727273,1,1,0.19914755109535076,0.7401897622115497247276560853,0.7401897622115497247276560853,1.0,1.0
corpora/clinical_pp/cl156_pp_wostw.txt,4,3,max_minus,u,5,1,50,1,0.25137558268968196,0.7272727272727272727272727273,0.7272727272727272727272727273,0.9932659932659932659932659933,1,0.25137558268968196,0.7401897622115497247276560853,0.7401897622115497247276560853,1.0,1.0
corpora/clinical_pp/cl156_pp_wostw.txt,4,3,max_minus,u,5,1,100,0,0.11831567370293745,0.7272727272727272727272727273,0.7272727272727272727272727273,1,1,0.11831567370293745,0.7401897622115497247276560853,0.7401897622115497247276560853,1.0,1.0
corpora/clinical_pp/cl156_pp_wostw.txt,4,3,max_minus,u,5,1,100,0.25,0.1065257817765578,0.7272727272727272727272727273,0.7272727272727272727272727273,1,1,0.1065257817765578,0.7401897622115497247276560853,0.7401897622115497247276560853,1.0,1.0
corpora/clinical_pp/cl156_pp_wostw.txt,4,3,max_minus,u,5,1,100,0.5,0.11138682998787014,0.7272727272727272727272727273,0.7272727272727272727272727273,1,1,0.11138682998787014,0.7401897622115497247276560853,0.7401897622115497247276560853,1.0,1.0
corpora/clinical_pp/cl156_pp_wostw.txt,4,3,max_minus,u,5,1,100,0.75,0.1141368713618357,0.7272727272727272727272727273,0.7272727272727272727272727273,1,1,0.1141368713618357,0.7401897622115497247276560853,0.7401897622115497247276560853,1.0,1.0
corpora/clinical_pp/cl156_pp_wostw.txt,4,3,max_minus,u,5,1,100,1,0.11657235896134266,0.7272727272727272727272727273,0.7272727272727272727272727273,1,1,0.11657235896134266,0.7401897622115497247276560853,0.7401897622115497247276560853,1.0,1.0
corpora/clinical_pp/cl156_pp_wostw.txt,4,3,max_minus,u,5,1,200,0,0.07783119933494519,0.7272727272727272727272727273,0.7272727272727272727272727273,1,1,0.07783119933494519,0.7401897622115497247276560853,0.7401897622115497247276560853,1.0,1.0
corpora/clinical_pp/cl156_pp_wostw.txt,4,3,max_minus,u,5,1,200,0.25,0.07877233452291801,0.7272727272727272727272727273,0.7272727272727272727272727273,1,1,0.07877233452291801,0.7401897622115497247276560853,0.7401897622115497247276560853,1.0,1.0
corpora/clinical_pp/cl156_pp_wostw.txt,4,3,max_minus,u,5,1,200,0.5,0.07877233452291801,0.7272727272727272727272727273,0.7272727272727272727272727273,1,0.9966329966329966329966329967,0.07877233452291801,0.7401897622115497247276560853,0.7401897622115497247276560853,1.0,1.0
corpora/clinical_pp/cl156_pp_wostw.txt,4,3,max_minus,u,5,1,200,0.75,0.07247870001194312,0.7272727272727272727272727273,0.7272727272727272727272727273,1,1,0.07247870001194312,0.7401897622115497247276560853,0.7401897622115497247276560853,1.0,1.0
corpora/clinical_pp/cl156_pp_wostw.txt,4,3,max_minus,u,5,1,200,1,0.08383449942124555,0.7272727272727272727272727273,0.7272727272727272727272727273,1,1,0.08383449942124555,0.7401897622115497247276560853,0.7401897622115497247276560853,1.0,1.0
corpora/clinical_pp/cl156_pp_wostw.txt,4,3,max_minus,u,5,2,5,0,1.5699509157008945e-15,0.2727272727272727272727272727,0.7272727272727272727272727273,0.2727272727272727272727272727,1,1.5699509157008945e-15,0.2598102377884502752723439147,0.7401897622115497247276560853,1.0,1.0
corpora/clinical_pp/cl156_pp_wostw.txt,4,3,max_minus,u,5,2,5,0.25,0.20580703593038363,0.3434343434343434343434343433,0.7272727272727272727272727273,0.350168350168350168350168350,1,0.20580703593038363,0.3341142477841552457928233963,0.7401897622115497247276560853,1.0,1.0
corpora/clinical_pp/cl156_pp_wostw.txt,4,3,max_minus,u,5,2,5,0.5,0.5100673874693832,0.5488215488215488215488215487,0.7272727272727272727272727273,0.606060606060606060606060606,1,0.5100673874693832,0.5174729608371402912810901567,0.7401897622115497247276560853,1.0,1.0
corpora/clinical_pp/cl156_pp_wostw.txt,4,3,max_minus,u,5,2,5,0.75,0.5562319936528946,0.4444444444444444444444444443,0.7272727272727272727272727273,0.531986531986531986531986532,1,0.5562319936528946,0.4066612002655109132794502363,0.7401897622115497247276560853,1.0,1.0
corpora/clinical_pp/cl156_pp_wostw.txt,4,3,max_minus,u,5,2,5,1,0.45525879187827933,0.4242424242424242424242424243,0.7272727272727272727272727273,0.478114478114478114478114478,1,0.45525879187827933,0.3906914997462028034828784507,0.7401897622115497247276560853,1.0,1.0
corpora/clinical_pp/cl156_pp_wostw.txt,4,3,max_minus,u,5,2,10,0,0.18330555822360428,0.2727272727272727272727272727,0.7272727272727272727272727273,0.3131313131313131313131313131,1,0.18330555822360428,0.2597321463433680840263949084,0.7401897622115497247276560853,1.0,1.0
corpora/clinical_pp/cl156_pp_wostw.txt,4,3,max_minus,u,5,2,10,0.25,0.42929815845828273,0.3703703703703703703703703703,0.7272727272727272727272727273,0.505050505050505050505050505,1,0.42929815845828273,0.3619928936784975205966186403,0.7401897622115497247276560853,1.0,1.0
corpora/clinical_pp/cl156_pp_wostw.txt,4,3,max_minus,u,5,2,10,0.5,0.498366595805527,0.4478114478114478114478114477,0.7272727272727272727272727273,0.5757575757575757575757575757,1,0.498366595805527,0.438210144078716176642848776,0.7401897622115497247276560853,1.0,1.0
corpora/clinical_pp/cl156_pp_wostw.txt,4,3,max_minus,u,5,2,10,0.75,0.42739663620504764,0.484848484848484848484848485,0.7272727272727272727272727273,0.5656565656565656565656565657,1,0.42739663620504764,0.4623794463316543672640662217,0.7401897622115497247276560853,1.0,1.0
corpora/clinical_pp/cl156_pp_wostw.txt,4,3,max_minus,u,5,2,10,1,0.4935326169115705,0.3973063973063973063973063973,0.7272727272727272727272727273,0.4511784511784511784511784513,1,0.4935326169115705,0.3813205263363398539689976963,0.7401897622115497247276560853,1.0,1.0
corpora/clinical_pp/cl156_pp_wostw.txt,4,3,max_minus,u,5,2,50,0,0.1299919320293477,0.7272727272727272727272727273,0.7272727272727272727272727273,1,1,0.1299919320293477,0.7401897622115497247276560853,0.7401897622115497247276560853,1.0,1.0
corpora/clinical_pp/cl156_pp_wostw.txt,4,3,max_minus,u,5,2,50,0.25,0.1977886785670017,0.7272727272727272727272727273,0.7272727272727272727272727273,1,1,0.1977886785670017,0.7401897622115497247276560853,0.7401897622115497247276560853,1.0,1.0
corpora/clinical_pp/cl156_pp_wostw.txt,4,3,max_minus,u,5,2,50,0.5,0.25222570132048455,0.7205387205387205387205387207,0.7272727272727272727272727273,0.9865319865319865319865319867,1,0.25222570132048455,0.7314825660848854008043418847,0.7401897622115497247276560853,1.0,1.0
corpora/clinical_pp/cl156_pp_wostw.txt,4,3,max_minus,u,5,2,50,0.75,0.32625250790705196,0.7037037037037037037037037037,0.7272727272727272727272727273,0.9595959595959595959595959597,1,0.32625250790705196,0.7055952520401390027722463003,0.7401897622115497247276560853,1.0,1.0
corpora/clinical_pp/cl156_pp_wostw.txt,4,3,max_minus,u,5,2,50,1,0.5191359420815336,0.505050505050505050505050505,0.7272727272727272727272727273,0.6195286195286195286195286197,1,0.5191359420815336,0.467416344539455702627777127,0.7401897622115497247276560853,1.0,1.0
corpora/clinical_pp/cl156_pp_wostw.txt,4,3,max_minus,u,5,2,100,0,0.15083677415130903,0.7272727272727272727272727273,0.7272727272727272727272727273,1,1,0.15083677415130903,0.7401897622115497247276560853,0.7401897622115497247276560853,1.0,1.0
corpora/clinical_pp/cl156_pp_wostw.txt,4,3,max_minus,u,5,2,100,0.25,0.15083677415130903,0.7272727272727272727272727273,0.7272727272727272727272727273,1,1,0.15083677415130903,0.7401897622115497247276560853,0.7401897622115497247276560853,1.0,1.0
corpora/clinical_pp/cl156_pp_wostw.txt,4,3,max_minus,u,5,2,100,0.5,0.1641102474744544,0.7272727272727272727272727273,0.7272727272727272727272727273,1,1,0.1641102474744544,0.7401897622115497247276560853,0.7401897622115497247276560853,1.0,1.0
corpora/clinical_pp/cl156_pp_wostw.txt,4,3,max_minus,u,5,2,100,0.75,0.18531716957300468,0.7272727272727272727272727273,0.7272727272727272727272727273,1,1,0.18531716957300468,0.7401897622115497247276560853,0.7401897622115497247276560853,1.0,1.0
corpora/clinical_pp/cl156_pp_wostw.txt,4,3,max_minus,u,5,2,100,1,0.202245738869701,0.7272727272727272727272727273,0.7272727272727272727272727273,1,1,0.202245738869701,0.7401897622115497247276560853,0.7401897622115497247276560853,1.0,1.0
corpora/clinical_pp/cl156_pp_wostw.txt,4,3,max_minus,u,5,2,200,0,0.10475976043803265,0.7272727272727272727272727273,0.7272727272727272727272727273,1,1,0.10475976043803265,0.7401897622115497247276560853,0.7401897622115497247276560853,1.0,1.0
corpora/clinical_pp/cl156_pp_wostw.txt,4,3,max_minus,u,5,2,200,0.25,0.10625456737466699,0.7272727272727272727272727273,0.7272727272727272727272727273,1,1,0.10625456737466699,0.7401897622115497247276560853,0.7401897622115497247276560853,1.0,1.0
corpora/clinical_pp/cl156_pp_wostw.txt,4,3,max_minus,u,5,2,200,0.5,0.13106029174373326,0.7272727272727272727272727273,0.7272727272727272727272727273,1,1,0.13106029174373326,0.7401897622115497247276560853,0.7401897622115497247276560853,1.0,1.0
corpora/clinical_pp/cl156_pp_wostw.txt,4,3,max_minus,u,5,2,200,0.75,0.15030915480629317,0.7205387205387205387205387203,0.7272727272727272727272727273,0.9932659932659932659932659933,1,0.15030915480629317,0.7314825660848854008043418843,0.7401897622115497247276560853,1.0,1.0
corpora/clinical_pp/cl156_pp_wostw.txt,4,3,max_minus,u,5,2,200,1,0.167565952963572,0.7205387205387205387205387203,0.7272727272727272727272727273,0.9932659932659932659932659933,1,0.167565952963572,0.7314825660848854008043418843,0.7401897622115497247276560853,1.0,1.0
corpora/clinical_pp/cl156_pp_wostw.txt,4,3,max_minus,u,5,5,5,0,0.5246287397514405,0.4646464646464646464646464647,0.7272727272727272727272727273,0.5252525252525252525252525253,1,0.5246287397514405,0.4106438639647026668228495567,0.7401897622115497247276560853,1.0,1.0
corpora/clinical_pp/cl156_pp_wostw.txt,4,3,max_minus,u,5,5,5,0.25,0.557500496014017,0.4444444444444444444444444443,0.7272727272727272727272727273,0.468013468013468013468013468,1,0.557500496014017,0.3901448596306274647612354067,0.7401897622115497247276560853,1.0,1.0
corpora/clinical_pp/cl156_pp_wostw.txt,4,3,max_minus,u,5,5,5,0.5,0.5500856717977587,0.4511784511784511784511784513,0.7272727272727272727272727273,0.478114478114478114478114478,1,0.5500856717977587,0.399203467260161649291320136,0.7401897622115497247276560853,1.0,1.0
corpora/clinical_pp/cl156_pp_wostw.txt,4,3,max_minus,u,5,5,5,0.75,0.5415800932083228,0.4713804713804713804713804713,0.7272727272727272727272727273,0.4983164983164983164983164983,1,0.5415800932083228,0.418335871305298504548826676,0.7401897622115497247276560853,1.0,1.0
corpora/clinical_pp/cl156_pp_wostw.txt,4,3,max_minus,u,5,5,5,1,0.5314594543478416,0.4545454545454545454545454547,0.7272727272727272727272727273,0.5286195286195286195286195287,1,0.5314594543478416,0.4184530084729217914177501853,0.7401897622115497247276560853,1.0,1.0
corpora/clinical_pp/cl156_pp_wostw.txt,4,3,max_minus,u,5,5,10,0,0.5992409865978118,0.3535353535353535353535353533,0.7272727272727272727272727273,0.4646464646464646464646464647,1,0.5992409865978118,0.3056889617742376322673851079,0.7401897622115497247276560853,1.0,1.0
corpora/clinical_pp/cl156_pp_wostw.txt,4,3,max_minus,u,5,5,10,0.25,0.5771951507828784,0.4545454545454545454545454547,0.7272727272727272727272727273,0.4545454545454545454545454547,1,0.5771951507828784,0.412322830033969778610753192,0.7401897622115497247276560853,1.0,1.0
corpora/clinical_pp/cl156_pp_wostw.txt,4,3,max_minus,u,5,5,10,0.5,0.5500105012329232,0.4511784511784511784511784513,0.7272727272727272727272727273,0.478114478114478114478114478,1,0.5500105012329232,0.399203467260161649291320136,0.7401897622115497247276560853,1.0,1.0
corpora/clinical_pp/cl156_pp_wostw.txt,4,3,max_minus,u,5,5,10,0.75,0.44657614112309313,0.478114478114478114478114478,0.7272727272727272727272727273,0.5521885521885521885521885523,1,0.44657614112309313,0.4567178165631955019327632657,0.7401897622115497247276560853,1.0,1.0
corpora/clinical_pp/cl156_pp_wostw.txt,4,3,max_minus,u,5,5,10,1,0.4800396071632405,0.4074074074074074074074074073,0.7272727272727272727272727273,0.4814814814814814814814814813,1,0.4800396071632405,0.3988911014798328843075241107,0.7401897622115497247276560853,1.0,1.0
corpora/clinical_pp/cl156_pp_wostw.txt,4,3,max_minus,u,5,5,50,0,0.348287927154189,0.6498316498316498316498316497,0.7272727272727272727272727273,0.8888888888888888888888888887,1,0.348287927154189,0.6300027332005778766936082153,0.7401897622115497247276560853,1.0,1.0
corpora/clinical_pp/cl156_pp_wostw.txt,4,3,max_minus,u,5,5,50,0.25,0.4556173383748152,0.4848484848484848484848484847,0.7272727272727272727272727273,0.6767676767676767676767676767,1,0.4556173383748152,0.442622310725859982038967631,0.7401897622115497247276560853,1.0,1.0
corpora/clinical_pp/cl156_pp_wostw.txt,4,3,max_minus,u,5,5,50,0.5,0.477621014341836,0.4612794612794612794612794613,0.7272727272727272727272727273,0.5555555555555555555555555557,1,0.477621014341836,0.4246612783569559954706961853,0.7401897622115497247276560853,1.0,1.0
corpora/clinical_pp/cl156_pp_wostw.txt,4,3,max_minus,u,5,5,50,0.75,0.4720193574719933,0.5589225589225589225589225587,0.7272727272727272727272727273,0.5993265993265993265993265993,1,0.4720193574719933,0.5198547499121471242825348483,0.7401897622115497247276560853,1.0,1.0
corpora/clinical_pp/cl156_pp_wostw.txt,4,3,max_minus,u,5,5,50,1,0.45040696733921953,0.4814814814814814814814814813,0.7272727272727272727272727273,0.5555555555555555555555555553,1,0.45040696733921953,0.4708133224005310218265589007,0.7401897622115497247276560853,1.0,1.0
corpora/clinical_pp/cl156_pp_wostw.txt,4,3,max_minus,u,5,5,100,0,0.18063708270684328,0.7272727272727272727272727273,0.7272727272727272727272727273,1,1,0.18063708270684328,0.7401897622115497247276560853,0.7401897622115497247276560853,1.0,1.0
corpora/clinical_pp/cl156_pp_wostw.txt,4,3,max_minus,u,5,5,100,0.25,0.20258724630306105,0.7205387205387205387205387207,0.7272727272727272727272727273,0.9932659932659932659932659933,1,0.20258724630306105,0.7314825660848854008043418847,0.7401897622115497247276560853,1.0,1.0
corpora/clinical_pp/cl156_pp_wostw.txt,4,3,max_minus,u,5,5,100,0.5,0.2794664009925822,0.686868686868686868686868687,0.7272727272727272727272727273,0.9427609427609427609427609427,1,0.2794664009925822,0.6917340205380500566162976847,0.7401897622115497247276560853,1.0,1.0
corpora/clinical_pp/cl156_pp_wostw.txt,4,3,max_minus,u,5,5,100,0.75,0.3922464075658061,0.5622895622895622895622895623,0.7272727272727272727272727273,0.781144781144781144781144781,1,0.3922464075658061,0.5468743899105852953808910233,0.7401897622115497247276560853,1.0,1.0
corpora/clinical_pp/cl156_pp_wostw.txt,4,3,max_minus,u,5,5,100,1,0.4233907002518451,0.5252525252525252525252525253,0.7272727272727272727272727273,0.653198653198653198653198653,1,0.4233907002518451,0.5066182499707157080941782827,0.7401897622115497247276560853,1.0,1.0
corpora/clinical_pp/cl156_pp_wostw.txt,4,3,max_minus,u,5,5,200,0,0.1547619417238659,0.7272727272727272727272727273,0.7272727272727272727272727273,1,1,0.1547619417238659,0.7401897622115497247276560853,0.7401897622115497247276560853,1.0,1.0
corpora/clinical_pp/cl156_pp_wostw.txt,4,3,max_minus,u,5,5,200,0.25,0.16820427719483325,0.7272727272727272727272727273,0.7272727272727272727272727273,1,1,0.16820427719483325,0.7401897622115497247276560853,0.7401897622115497247276560853,1.0,1.0
corpora/clinical_pp/cl156_pp_wostw.txt,4,3,max_minus,u,5,5,200,0.5,0.18215985159344975,0.7272727272727272727272727273,0.7272727272727272727272727273,1,1,0.18215985159344975,0.7401897622115497247276560853,0.7401897622115497247276560853,1.0,1.0
corpora/clinical_pp/cl156_pp_wostw.txt,4,3,max_minus,u,5,5,200,0.75,0.20670331337987022,0.7272727272727272727272727273,0.7272727272727272727272727273,1,1,0.20670331337987022,0.7401897622115497247276560853,0.7401897622115497247276560853,1.0,1.0
corpora/clinical_pp/cl156_pp_wostw.txt,4,3,max_minus,u,5,5,200,1,0.3415716414124071,0.626262626262626262626262626,0.7272727272727272727272727273,0.8821548821548821548821548823,0.9966329966329966329966329967,0.3415716414124071,0.616336730311194408652532115,0.7401897622115497247276560853,1.0,1.0
corpora/clinical_pp/cl156_pp_wostw.txt,4,3,max_minus,u,5,10,5,0,0.48512310611675286,0.4882154882154882154882154883,0.7272727272727272727272727273,0.515151515151515151515151515,1,0.48512310611675286,0.4596462457537776736558510017,0.7401897622115497247276560853,1.0,1.0
corpora/clinical_pp/cl156_pp_wostw.txt,4,3,max_minus,u,5,10,5,0.25,0.48200613718901364,0.4814814814814814814814814813,0.7272727272727272727272727273,0.5117845117845117845117845117,1,0.48200613718901364,0.459802428643942056147749014,0.7401897622115497247276560853,1.0,1.0
corpora/clinical_pp/cl156_pp_wostw.txt,4,3,max_minus,u,5,10,5,0.5,0.5636085579682654,0.4814814814814814814814814813,0.7272727272727272727272727273,0.531986531986531986531986532,1,0.5636085579682654,0.4385615555815860372496193043,0.7401897622115497247276560853,1.0,1.0
corpora/clinical_pp/cl156_pp_wostw.txt,4,3,max_minus,u,5,10,5,0.75,0.48442821268224817,0.5454545454545454545454545453,0.7272727272727272727272727273,0.5993265993265993265993265993,1,0.48442821268224817,0.504236460895708875092733591,0.7401897622115497247276560853,1.0,1.0
corpora/clinical_pp/cl156_pp_wostw.txt,4,3,max_minus,u,5,10,5,1,0.46946048000356094,0.5387205387205387205387205387,0.7272727272727272727272727273,0.595959595959595959595959596,1,0.46946048000356094,0.4986529225723322010073796417,0.7401897622115497247276560853,1.0,1.0
corpora/clinical_pp/cl156_pp_wostw.txt,4,3,max_minus,u,5,10,10,0,0.5717198489437726,0.4242424242424242424242424243,0.7272727272727272727272727273,0.4612794612794612794612794613,1,0.5717198489437726,0.3919409628675178634180625513,0.7401897622115497247276560853,1.0,1.0
corpora/clinical_pp/cl156_pp_wostw.txt,4,3,max_minus,u,5,10,10,0.25,0.572621870841643,0.4511784511784511784511784513,0.7272727272727272727272727273,0.4882154882154882154882154883,1,0.572621870841643,0.4055679200343602358361641483,0.7401897622115497247276560853,1.0,1.0
corpora/clinical_pp/cl156_pp_wostw.txt,4,3,max_minus,u,5,10,10,0.5,0.5543238074392436,0.4915824915824915824915824917,0.7272727272727272727272727273,0.5387205387205387205387205387,1,0.5543238074392436,0.4438327281246339463511772287,0.7401897622115497247276560853,1.0,1.0
corpora/clinical_pp/cl156_pp_wostw.txt,4,3,max_minus,u,5,10,10,0.75,0.5589487262915168,0.4949494949494949494949494947,0.7272727272727272727272727273,0.5454545454545454545454545453,1,0.5589487262915168,0.4449260083557846237944633163,0.7401897622115497247276560853,1.0,1.0
corpora/clinical_pp/cl156_pp_wostw.txt,4,3,max_minus,u,5,10,10,1,0.4804667968603304,0.538720538720538720538720539,0.7272727272727272727272727273,0.6026936026936026936026936027,0.9966329966329966329966329967,0.4804667968603304,0.4866268400296747491312326733,0.7401897622115497247276560853,1.0,1.0
corpora/clinical_pp/cl156_pp_wostw.txt,4,3,max_minus,u,5,10,50,0,0.6081250558925219,0.4208754208754208754208754207,0.7272727272727272727272727273,0.5084175084175084175084175083,1,0.6081250558925219,0.3742142048338604505876381243,0.7401897622115497247276560853,1.0,1.0
corpora/clinical_pp/cl156_pp_wostw.txt,4,3,max_minus,u,5,10,50,0.25,0.6012179892861389,0.3602693602693602693602693603,0.7272727272727272727272727273,0.4276094276094276094276094277,1,0.6012179892861389,0.3175588614267307016516340635,0.7401897622115497247276560853,1.0,1.0
corpora/clinical_pp/cl156_pp_wostw.txt,4,3,max_minus,u,5,10,50,0.5,0.5327879760248417,0.468013468013468013468013468,0.7272727272727272727272727273,0.5521885521885521885521885523,1,0.5327879760248417,0.448635351997188707977041115,0.7401897622115497247276560853,1.0,1.0
corpora/clinical_pp/cl156_pp_wostw.txt,4,3,max_minus,u,5,10,50,0.75,0.5647744299735784,0.478114478114478114478114478,0.7272727272727272727272727273,0.5286195286195286195286195287,1,0.5647744299735784,0.4514856897426886884541798447,0.7401897622115497247276560853,1.0,1.0
corpora/clinical_pp/cl156_pp_wostw.txt,4,3,max_minus,u,5,10,50,1,0.5356090039168846,0.488215488215488215488215488,0.7272727272727272727272727273,0.5757575757575757575757575757,1,0.5356090039168846,0.4615204404357502635586271523,0.7401897622115497247276560853,1.0,1.0
corpora/clinical_pp/cl156_pp_wostw.txt,4,3,max_minus,u,5,10,100,0,0.3377950329275286,0.606060606060606060606060606,0.7272727272727272727272727273,0.8720538720538720538720538723,1,0.3377950329275286,0.604818242161571199875053688,0.7401897622115497247276560853,1.0,1.0
corpora/clinical_pp/cl156_pp_wostw.txt,4,3,max_minus,u,5,10,100,0.25,0.5262461258206391,0.4343434343434343434343434343,0.7272727272727272727272727273,0.6565656565656565656565656567,1,0.5262461258206391,0.3835461325211823044785443753,0.7401897622115497247276560853,1.0,1.0
corpora/clinical_pp/cl156_pp_wostw.txt,4,3,max_minus,u,5,10,100,0.5,0.4143517076620293,0.4848484848484848484848484847,0.7272727272727272727272727273,0.585858585858585858585858586,1,0.4143517076620293,0.4549607590488461988989106243,0.7401897622115497247276560853,1.0,1.0
corpora/clinical_pp/cl156_pp_wostw.txt,4,3,max_minus,u,5,10,100,0.75,0.5006271978373903,0.4343434343434343434343434343,0.7272727272727272727272727273,0.521885521885521885521885522,1,0.5006271978373903,0.3954941236187575651087423373,0.7401897622115497247276560853,1.0,1.0
corpora/clinical_pp/cl156_pp_wostw.txt,4,3,max_minus,u,5,10,100,1,0.5503478276743407,0.4646464646464646464646464647,0.7272727272727272727272727273,0.505050505050505050505050505,1,0.5503478276743407,0.3963140837921205731912069033,0.7401897622115497247276560853,1.0,1.0
corpora/clinical_pp/cl156_pp_wostw.txt,4,3,max_minus,u,5,10,200,0,0.21471234249021368,0.7138047138047138047138047137,0.7272727272727272727272727273,0.9865319865319865319865319867,1,0.21471234249021368,0.7272265823279059779001210417,0.7401897622115497247276560853,1.0,1.0
corpora/clinical_pp/cl156_pp_wostw.txt,4,3,max_minus,u,5,10,200,0.25,0.25039757793661416,0.7003367003367003367003367003,0.7272727272727272727272727273,0.973063973063973063973063973,0.9932659932659932659932659933,0.25039757793661416,0.709812190074577330053492640,0.7401897622115497247276560853,1.0,1.0
corpora/clinical_pp/cl156_pp_wostw.txt,4,3,max_minus,u,5,10,200,0.5,0.30366093936188027,0.7037037037037037037037037037,0.7272727272727272727272727273,0.9595959595959595959595959597,1,0.30366093936188027,0.7055952520401390027722463003,0.7401897622115497247276560853,1.0,1.0
corpora/clinical_pp/cl156_pp_wostw.txt,4,3,max_minus,u,5,10,200,0.75,0.4040971975635053,0.5252525252525252525252525253,0.7272727272727272727272727273,0.7811447811447811447811447813,1,0.4040971975635053,0.4846745539026199679825075163,0.7401897622115497247276560853,1.0,1.0
corpora/clinical_pp/cl156_pp_wostw.txt,4,3,max_minus,u,5,10,200,1,0.4170041887283579,0.5387205387205387205387205387,0.7272727272727272727272727273,0.6531986531986531986531986533,1,0.4170041887283579,0.5111865995080238959821951507,0.7401897622115497247276560853,1.0,1.0
corpora/clinical_pp/cl156_pp_wostw.txt,4,3,max_minus,u,5,30,5,0,0.5574348223477026,0.4006734006734006734006734007,0.7272727272727272727272727273,0.4545454545454545454545454547,1,0.5574348223477026,0.3702705868572097926672133067,0.7401897622115497247276560853,1.0,1.0
corpora/clinical_pp/cl156_pp_wostw.txt,4,3,max_minus,u,5,30,5,0.25,0.47522880078924995,0.5084175084175084175084175083,0.7272727272727272727272727273,0.5521885521885521885521885523,1,0.47522880078924995,0.4872125258677911834758502207,0.7401897622115497247276560853,1.0,1.0
corpora/clinical_pp/cl156_pp_wostw.txt,4,3,max_minus,u,5,30,5,0.5,0.4634959809094547,0.5286195286195286195286195287,0.7171717171717171717171717173,0.5723905723905723905723905727,0.989898989898989898989898990,0.4634959809094547,0.5122017882940923821795322323,0.7401897622115497247276560853,1.0,1.0
corpora/clinical_pp/cl156_pp_wostw.txt,4,3,max_minus,u,5,30,5,0.75,0.4017252954135749,0.5757575757575757575757575757,0.7272727272727272727272727273,0.622895622895622895622895623,1,0.4017252954135749,0.553551208465112646909531061,0.7401897622115497247276560853,1.0,1.0
corpora/clinical_pp/cl156_pp_wostw.txt,4,3,max_minus,u,5,30,5,1,0.38814996445552125,0.5521885521885521885521885523,0.7272727272727272727272727273,0.606060606060606060606060606,1,0.38814996445552125,0.530982780836359376830268244,0.7401897622115497247276560853,1.0,1.0
corpora/clinical_pp/cl156_pp_wostw.txt,4,3,max_minus,u,5,30,10,0,0.5683929587951773,0.3973063973063973063973063973,0.7272727272727272727272727273,0.4545454545454545454545454547,1,0.5683929587951773,0.3707000898051618445199328413,0.7401897622115497247276560853,1.0,1.0
corpora/clinical_pp/cl156_pp_wostw.txt,4,3,max_minus,u,5,30,10,0.25,0.4848640727059191,0.4882154882154882154882154883,0.7272727272727272727272727273,0.5286195286195286195286195287,1,0.4848640727059191,0.4595681543086954824099019953,0.7401897622115497247276560853,1.0,1.0
corpora/clinical_pp/cl156_pp_wostw.txt,4,3,max_minus,u,5,30,10,0.5,0.45849637032493834,0.5353535353535353535353535353,0.7272727272727272727272727273,0.5791245791245791245791245793,1,0.45849637032493834,0.515091171762133458279645465,0.7401897622115497247276560853,1.0,1.0
corpora/clinical_pp/cl156_pp_wostw.txt,4,3,max_minus,u,5,30,10,0.75,0.405545011867017,0.569023569023569023569023569,0.7272727272727272727272727273,0.612794612794612794612794613,1,0.405545011867017,0.549802819101167467103978759,0.7401897622115497247276560853,1.0,1.0
corpora/clinical_pp/cl156_pp_wostw.txt,4,3,max_minus,u,5,30,10,1,0.3458633855453126,0.632996632996632996632996633,0.7272727272727272727272727273,0.7070707070707070707070707073,1,0.3458633855453126,0.6077466713521533715981414237,0.7401897622115497247276560853,1.0,1.0
corpora/clinical_pp/cl156_pp_wostw.txt,4,3,max_minus,u,5,30,50,0,0.5299689263243591,0.468013468013468013468013468,0.7272727272727272727272727273,0.531986531986531986531986532,1,0.5299689263243591,0.4473468431533325524188825113,0.7401897622115497247276560853,1.0,1.0
corpora/clinical_pp/cl156_pp_wostw.txt,4,3,max_minus,u,5,30,50,0.25,0.49602796514105246,0.441077441077441077441077441,0.7272727272727272727272727273,0.521885521885521885521885522,1,0.49602796514105246,0.4032251766818944984576939597,0.7401897622115497247276560853,1.0,1.0
corpora/clinical_pp/cl156_pp_wostw.txt,4,3,max_minus,u,5,30,50,0.5,0.4859179689098481,0.4612794612794612794612794613,0.7272727272727272727272727273,0.5286195286195286195286195287,1,0.4859179689098481,0.4334856116512436062629338957,0.7401897622115497247276560853,1.0,1.0
corpora/clinical_pp/cl156_pp_wostw.txt,4,3,max_minus,u,5,30,50,0.75,0.4818807807988928,0.441077441077441077441077441,0.7272727272727272727272727273,0.4983164983164983164983164983,1,0.4818807807988928,0.4026394908437780641130764123,0.7401897622115497247276560853,1.0,1.0
corpora/clinical_pp/cl156_pp_wostw.txt,4,3,max_minus,u,5,30,50,1,0.4280801985166393,0.5488215488215488215488215487,0.7272727272727272727272727273,0.6195286195286195286195286197,1,0.4280801985166393,0.5224708133224005310218265587,0.7401897622115497247276560853,1.0,1.0
corpora/clinical_pp/cl156_pp_wostw.txt,4,3,max_minus,u,5,30,100,0,0.5246127570031351,0.4949494949494949494949494947,0.7272727272727272727272727273,0.5622895622895622895622895623,1,0.5246127570031351,0.462262309164031080395142712,0.7401897622115497247276560853,1.0,1.0
corpora/clinical_pp/cl156_pp_wostw.txt,4,3,max_minus,u,5,30,100,0.25,0.5237722675171393,0.488215488215488215488215488,0.7272727272727272727272727273,0.5622895622895622895622895623,1,0.5237722675171393,0.460270977314435203623443052,0.7401897622115497247276560853,1.0,1.0
corpora/clinical_pp/cl156_pp_wostw.txt,4,3,max_minus,u,5,30,100,0.5,0.4870256960555659,0.5723905723905723905723905723,0.7272727272727272727272727273,0.6430976430976430976430976433,1,0.4870256960555659,0.5436726406622154542969817657,0.7401897622115497247276560853,1.0,1.0
corpora/clinical_pp/cl156_pp_wostw.txt,4,3,max_minus,u,5,30,100,0.75,0.4780272602425218,0.505050505050505050505050505,0.7272727272727272727272727273,0.6127946127946127946127946127,1,0.4780272602425218,0.4762016321112022177970403343,0.7401897622115497247276560853,1.0,1.0
corpora/clinical_pp/cl156_pp_wostw.txt,4,3,max_minus,u,5,30,100,1,0.4970590773355366,0.494949494949494949494949495,0.7272727272727272727272727273,0.585858585858585858585858586,1,0.4970590773355366,0.4562492678927023544570692283,0.7401897622115497247276560853,1.0,1.0
corpora/clinical_pp/cl156_pp_wostw.txt,4,3,max_minus,u,5,30,200,0,0.5250656743469989,0.4074074074074074074074074073,0.7272727272727272727272727273,0.6195286195286195286195286193,1,0.5250656743469989,0.380695794775682324001405646,0.7401897622115497247276560853,1.0,1.0
corpora/clinical_pp/cl156_pp_wostw.txt,4,3,max_minus,u,5,30,200,0.25,0.5240233816972477,0.430976430976430976430976431,0.7306397306397306397306397307,0.531986531986531986531986532,0.989898989898989898989898990,0.5240233816972477,0.4173206825192300183514895943,0.7401897622115497247276560853,1.0,1.0
corpora/clinical_pp/cl156_pp_wostw.txt,4,3,max_minus,u,5,30,200,0.5,0.4906217473123167,0.4848484848484848484848484847,0.7272727272727272727272727273,0.5892255892255892255892255893,1,0.4906217473123167,0.4534379758697434696029050017,0.7401897622115497247276560853,1.0,1.0
corpora/clinical_pp/cl156_pp_wostw.txt,4,3,max_minus,u,5,30,200,0.75,0.4447516999787755,0.5723905723905723905723905723,0.7272727272727272727272727273,0.680134680134680134680134680,1,0.4447516999787755,0.541915583147866151263129124,0.7401897622115497247276560853,1.0,1.0
corpora/clinical_pp/cl156_pp_wostw.txt,4,3,max_minus,u,5,30,200,1,0.5022044950111265,0.457912457912457912457912458,0.7272727272727272727272727273,0.579124579124579124579124579,1,0.5022044950111265,0.4419585334426613564484010777,0.7401897622115497247276560853,1.0,1.0
corpora/clinical_pp/cl156_pp_wostw.txt,4,3,max_minus,u,10,1,5,0,1.5699509157008945e-15,0.2727272727272727272727272727,0.7272727272727272727272727273,0.2727272727272727272727272727,1,1.5699509157008945e-15,0.2598102377884502752723439147,0.7401897622115497247276560853,1.0,1.0
corpora/clinical_pp/cl156_pp_wostw.txt,4,3,max_minus,u,10,1,5,0.25,1.5699509157008945e-15,0.2727272727272727272727272727,0.7272727272727272727272727273,0.2727272727272727272727272727,1,1.5699509157008945e-15,0.2598102377884502752723439147,0.7401897622115497247276560853,1.0,1.0
corpora/clinical_pp/cl156_pp_wostw.txt,4,3,max_minus,u,10,1,5,0.5,1.5699509157008945e-15,0.2727272727272727272727272727,0.7272727272727272727272727273,0.2727272727272727272727272727,1,1.5699509157008945e-15,0.2598102377884502752723439147,0.7401897622115497247276560853,1.0,1.0
corpora/clinical_pp/cl156_pp_wostw.txt,4,3,max_minus,u,10,1,5,0.75,0.178413935349182,0.3030303030303030303030303030,0.7272727272727272727272727273,0.3097643097643097643097643097,1,0.178413935349182,0.2909687243762445824059974230,0.7401897622115497247276560853,1.0,1.0
corpora/clinical_pp/cl156_pp_wostw.txt,4,3,max_minus,u,10,1,5,1,0.5229156000503908,0.531986531986531986531986532,0.7272727272727272727272727273,0.5723905723905723905723905723,1,0.5229156000503908,0.5040412322830033969778610753,0.7401897622115497247276560853,1.0,1.0
corpora/clinical_pp/cl156_pp_wostw.txt,4,3,max_minus,u,10,1,10,0,1.5699509157008945e-15,0.2727272727272727272727272727,0.7272727272727272727272727273,0.2727272727272727272727272727,1,1.5699509157008945e-15,0.2598102377884502752723439147,0.7401897622115497247276560853,1.0,1.0
corpora/clinical_pp/cl156_pp_wostw.txt,4,3,max_minus,u,10,1,10,0.25,1.5699509157008945e-15,0.2727272727272727272727272727,0.7272727272727272727272727273,0.2727272727272727272727272727,1,1.5699509157008945e-15,0.2598102377884502752723439147,0.7401897622115497247276560853,1.0,1.0
corpora/clinical_pp/cl156_pp_wostw.txt,4,3,max_minus,u,10,1,10,0.5,0.16556229767655226,0.3131313131313131313131313131,0.7272727272727272727272727273,0.3535353535353535353535353537,1,0.16556229767655226,0.2922572332201007379641560267,0.7401897622115497247276560853,1.0,1.0
corpora/clinical_pp/cl156_pp_wostw.txt,4,3,max_minus,u,10,1,10,0.75,0.4606086031789182,0.3164983164983164983164983165,0.7272727272727272727272727273,0.4107744107744107744107744107,1,0.4606086031789182,0.3052594588262855804146655734,0.7401897622115497247276560853,1.0,1.0
corpora/clinical_pp/cl156_pp_wostw.txt,4,3,max_minus,u,10,1,10,1,0.6178097518836226,0.3131313131313131313131313131,0.7272727272727272727272727273,0.4444444444444444444444444443,1,0.6178097518836226,0.2915153644918199211276404670,0.7401897622115497247276560853,1.0,1.0
corpora/clinical_pp/cl156_pp_wostw.txt,4,3,max_minus,u,10,1,50,0,0.08384587658443272,0.7272727272727272727272727273,0.7272727272727272727272727273,1,1,0.08384587658443272,0.7401897622115497247276560853,0.7401897622115497247276560853,1.0,1.0
corpora/clinical_pp/cl156_pp_wostw.txt,4,3,max_minus,u,10,1,50,0.25,0.06788042323037148,0.7272727272727272727272727273,0.7272727272727272727272727273,1,1,0.06788042323037148,0.7401897622115497247276560853,0.7401897622115497247276560853,1.0,1.0
corpora/clinical_pp/cl156_pp_wostw.txt,4,3,max_minus,u,10,1,50,0.5,0.16057293511737006,0.7272727272727272727272727273,0.7272727272727272727272727273,1,1,0.16057293511737006,0.7401897622115497247276560853,0.7401897622115497247276560853,1.0,1.0
corpora/clinical_pp/cl156_pp_wostw.txt,4,3,max_minus,u,10,1,50,0.75,0.18405419020807257,0.7272727272727272727272727273,0.7272727272727272727272727273,1,1,0.18405419020807257,0.7401897622115497247276560853,0.7401897622115497247276560853,1.0,1.0
corpora/clinical_pp/cl156_pp_wostw.txt,4,3,max_minus,u,10,1,50,1,0.24601175145686435,0.7272727272727272727272727273,0.7272727272727272727272727273,1,1,0.24601175145686435,0.7401897622115497247276560853,0.7401897622115497247276560853,1.0,1.0
corpora/clinical_pp/cl156_pp_wostw.txt,4,3,max_minus,u,10,1,100,0,0.11817893426247261,0.7272727272727272727272727273,0.7272727272727272727272727273,1,1,0.11817893426247261,0.7401897622115497247276560853,0.7401897622115497247276560853,1.0,1.0
corpora/clinical_pp/cl156_pp_wostw.txt,4,3,max_minus,u,10,1,100,0.25,0.12534130468309593,0.7272727272727272727272727273,0.7272727272727272727272727273,1,1,0.12534130468309593,0.7401897622115497247276560853,0.7401897622115497247276560853,1.0,1.0
corpora/clinical_pp/cl156_pp_wostw.txt,4,3,max_minus,u,10,1,100,0.5,0.10638904233609296,0.7272727272727272727272727273,0.7272727272727272727272727273,1,1,0.10638904233609296,0.7401897622115497247276560853,0.7401897622115497247276560853,1.0,1.0
corpora/clinical_pp/cl156_pp_wostw.txt,4,3,max_minus,u,10,1,100,0.75,0.1265000545731176,0.7272727272727272727272727273,0.7272727272727272727272727273,1,1,0.1265000545731176,0.7401897622115497247276560853,0.7401897622115497247276560853,1.0,1.0
corpora/clinical_pp/cl156_pp_wostw.txt,4,3,max_minus,u,10,1,100,1,0.1299416081868666,0.7272727272727272727272727273,0.7272727272727272727272727273,1,1,0.1299416081868666,0.7401897622115497247276560853,0.7401897622115497247276560853,1.0,1.0
corpora/clinical_pp/cl156_pp_wostw.txt,4,3,max_minus,u,10,1,200,0,0.07205057652496281,0.7272727272727272727272727273,0.7272727272727272727272727273,1,1,0.07205057652496281,0.7401897622115497247276560853,0.7401897622115497247276560853,1.0,1.0
corpora/clinical_pp/cl156_pp_wostw.txt,4,3,max_minus,u,10,1,200,0.25,0.07819060233827961,0.7272727272727272727272727273,0.7272727272727272727272727273,1,1,0.07819060233827961,0.7401897622115497247276560853,0.7401897622115497247276560853,1.0,1.0
corpora/clinical_pp/cl156_pp_wostw.txt,4,3,max_minus,u,10,1,200,0.5,0.07912535740869618,0.7272727272727272727272727273,0.7272727272727272727272727273,1,1,0.07912535740869618,0.7401897622115497247276560853,0.7401897622115497247276560853,1.0,1.0
corpora/clinical_pp/cl156_pp_wostw.txt,4,3,max_minus,u,10,1,200,0.75,0.07875282293310097,0.7272727272727272727272727273,0.7272727272727272727272727273,1,1,0.07875282293310097,0.7401897622115497247276560853,0.7401897622115497247276560853,1.0,1.0
corpora/clinical_pp/cl156_pp_wostw.txt,4,3,max_minus,u,10,1,200,1,0.08118348408609659,0.7272727272727272727272727273,0.7272727272727272727272727273,1,1,0.08118348408609659,0.7401897622115497247276560853,0.7401897622115497247276560853,1.0,1.0
corpora/clinical_pp/cl156_pp_wostw.txt,4,3,max_minus,u,10,2,5,0,1.5699509157008945e-15,0.2727272727272727272727272727,0.7272727272727272727272727273,0.2727272727272727272727272727,1,1.5699509157008945e-15,0.2598102377884502752723439147,0.7401897622115497247276560853,1.0,1.0
corpora/clinical_pp/cl156_pp_wostw.txt,4,3,max_minus,u,10,2,5,0.25,0.178413935349182,0.3030303030303030303030303030,0.7272727272727272727272727273,0.3097643097643097643097643097,1,0.178413935349182,0.2909687243762445824059974230,0.7401897622115497247276560853,1.0,1.0
corpora/clinical_pp/cl156_pp_wostw.txt,4,3,max_minus,u,10,2,5,0.5,0.5229156000503908,0.531986531986531986531986532,0.7272727272727272727272727273,0.5723905723905723905723905723,1,0.5229156000503908,0.5040412322830033969778610753,0.7401897622115497247276560853,1.0,1.0
corpora/clinical_pp/cl156_pp_wostw.txt,4,3,max_minus,u,10,2,5,0.75,0.6194327351985557,0.340067340067340067340067340,0.7272727272727272727272727273,0.340067340067340067340067340,0.9932659932659932659932659933,0.6194327351985557,0.3072898363984225528093397368,0.7401897622115497247276560853,1.0,1.0
corpora/clinical_pp/cl156_pp_wostw.txt,4,3,max_minus,u,10,2,5,1,0.6094315547519221,0.3535353535353535353535353533,0.7272727272727272727272727273,0.4343434343434343434343434343,1,0.6094315547519221,0.3528171488813400491976104017,0.7401897622115497247276560853,1.0,1.0
corpora/clinical_pp/cl156_pp_wostw.txt,4,3,max_minus,u,10,2,10,0,0.16556229767655226,0.3131313131313131313131313131,0.7272727272727272727272727273,0.3535353535353535353535353537,1,0.16556229767655226,0.2922572332201007379641560267,0.7401897622115497247276560853,1.0,1.0
corpora/clinical_pp/cl156_pp_wostw.txt,4,3,max_minus,u,10,2,10,0.25,0.4606086031789182,0.3164983164983164983164983165,0.7272727272727272727272727273,0.4107744107744107744107744107,1,0.4606086031789182,0.3052594588262855804146655734,0.7401897622115497247276560853,1.0,1.0
corpora/clinical_pp/cl156_pp_wostw.txt,4,3,max_minus,u,10,2,10,0.5,0.5245259442887459,0.4646464646464646464646464647,0.7272727272727272727272727273,0.5286195286195286195286195287,1,0.5245259442887459,0.467143024481668033266955605,0.7401897622115497247276560853,1.0,1.0
corpora/clinical_pp/cl156_pp_wostw.txt,4,3,max_minus,u,10,2,10,0.75,0.5904068376454058,0.404040404040404040404040404,0.7272727272727272727272727273,0.488215488215488215488215488,1,0.5904068376454058,0.3870602475498809105462496583,0.7401897622115497247276560853,1.0,1.0
corpora/clinical_pp/cl156_pp_wostw.txt,4,3,max_minus,u,10,2,10,1,0.6094315547519222,0.3535353535353535353535353533,0.7272727272727272727272727273,0.4343434343434343434343434343,1,0.6094315547519222,0.3528171488813400491976104017,0.7401897622115497247276560853,1.0,1.0
corpora/clinical_pp/cl156_pp_wostw.txt,4,3,max_minus,u,10,2,50,0,0.13327452756743843,0.7272727272727272727272727273,0.7272727272727272727272727273,1,1,0.13327452756743843,0.7401897622115497247276560853,0.7401897622115497247276560853,1.0,1.0
corpora/clinical_pp/cl156_pp_wostw.txt,4,3,max_minus,u,10,2,50,0.25,0.16223409090924285,0.7205387205387205387205387207,0.7272727272727272727272727273,0.9932659932659932659932659933,1,0.16223409090924285,0.7314825660848854008043418847,0.7401897622115497247276560853,1.0,1.0
corpora/clinical_pp/cl156_pp_wostw.txt,4,3,max_minus,u,10,2,50,0.5,0.20926749251697987,0.7205387205387205387205387207,0.7272727272727272727272727273,0.9932659932659932659932659933,1,0.20926749251697987,0.7314825660848854008043418847,0.7401897622115497247276560853,1.0,1.0
corpora/clinical_pp/cl156_pp_wostw.txt,4,3,max_minus,u,10,2,50,0.75,0.3894378773579878,0.542087542087542087542087542,0.7272727272727272727272727273,0.814814814814814814814814815,1,0.3894378773579878,0.505017375346530787552223654,0.7401897622115497247276560853,1.0,1.0
corpora/clinical_pp/cl156_pp_wostw.txt,4,3,max_minus,u,10,2,50,1,0.5719016352421308,0.5488215488215488215488215487,0.7272727272727272727272727273,0.7003367003367003367003367003,0.9966329966329966329966329967,0.5719016352421308,0.5071258443637499511928468237,0.7401897622115497247276560853,1.0,1.0
corpora/clinical_pp/cl156_pp_wostw.txt,4,3,max_minus,u,10,2,100,0,0.1345639774118015,0.7272727272727272727272727273,0.7272727272727272727272727273,1,1,0.1345639774118015,0.7401897622115497247276560853,0.7401897622115497247276560853,1.0,1.0
corpora/clinical_pp/cl156_pp_wostw.txt,4,3,max_minus,u,10,2,100,0.25,0.1501734011480833,0.7272727272727272727272727273,0.7272727272727272727272727273,1,1,0.1501734011480833,0.7401897622115497247276560853,0.7401897622115497247276560853,1.0,1.0
corpora/clinical_pp/cl156_pp_wostw.txt,4,3,max_minus,u,10,2,100,0.5,0.1690220543503601,0.7272727272727272727272727273,0.7272727272727272727272727273,1,1,0.1690220543503601,0.7401897622115497247276560853,0.7401897622115497247276560853,1.0,1.0
corpora/clinical_pp/cl156_pp_wostw.txt,4,3,max_minus,u,10,2,100,0.75,0.19861824512468731,0.7272727272727272727272727273,0.7272727272727272727272727273,1,1,0.19861824512468731,0.7401897622115497247276560853,0.7401897622115497247276560853,1.0,1.0
corpora/clinical_pp/cl156_pp_wostw.txt,4,3,max_minus,u,10,2,100,1,0.22749832898491096,0.7138047138047138047138047137,0.7272727272727272727272727273,0.9865319865319865319865319867,1,0.22749832898491096,0.7227753699582210768810276833,0.7401897622115497247276560853,1.0,1.0
corpora/clinical_pp/cl156_pp_wostw.txt,4,3,max_minus,u,10,2,200,0,0.12308132050492455,0.7272727272727272727272727273,0.7272727272727272727272727273,1,1,0.12308132050492455,0.7401897622115497247276560853,0.7401897622115497247276560853,1.0,1.0
corpora/clinical_pp/cl156_pp_wostw.txt,4,3,max_minus,u,10,2,200,0.25,0.13511431041368324,0.7272727272727272727272727273,0.7272727272727272727272727273,1,1,0.13511431041368324,0.7401897622115497247276560853,0.7401897622115497247276560853,1.0,1.0
corpora/clinical_pp/cl156_pp_wostw.txt,4,3,max_minus,u,10,2,200,0.5,0.1385193672977352,0.7272727272727272727272727273,0.7272727272727272727272727273,1,1,0.1385193672977352,0.7401897622115497247276560853,0.7401897622115497247276560853,1.0,1.0
corpora/clinical_pp/cl156_pp_wostw.txt,4,3,max_minus,u,10,2,200,0.75,0.14581760769665608,0.7272727272727272727272727273,0.7272727272727272727272727273,1,1,0.14581760769665608,0.7401897622115497247276560853,0.7401897622115497247276560853,1.0,1.0
corpora/clinical_pp/cl156_pp_wostw.txt,4,3,max_minus,u,10,2,200,1,0.15345994839273586,0.7272727272727272727272727273,0.7272727272727272727272727273,1,1,0.15345994839273586,0.7401897622115497247276560853,0.7401897622115497247276560853,1.0,1.0
corpora/clinical_pp/cl156_pp_wostw.txt,4,3,max_minus,u,10,5,5,0,0.5092056495994063,0.4242424242424242424242424243,0.7272727272727272727272727273,0.4444444444444444444444444443,1,0.5092056495994063,0.3908476826363671859747764633,0.7401897622115497247276560853,1.0,1.0
corpora/clinical_pp/cl156_pp_wostw.txt,4,3,max_minus,u,10,5,5,0.25,0.5173984805494066,0.5016835016835016835016835017,0.7272727272727272727272727273,0.5016835016835016835016835017,1,0.5173984805494066,0.4840107766194213423919409627,0.7401897622115497247276560853,1.0,1.0
corpora/clinical_pp/cl156_pp_wostw.txt,4,3,max_minus,u,10,5,5,0.5,0.5893160325264455,0.4343434343434343434343434343,0.7272727272727272727272727273,0.4343434343434343434343434343,1,0.5893160325264455,0.387489750497832962398969193,0.7401897622115497247276560853,1.0,1.0
corpora/clinical_pp/cl156_pp_wostw.txt,4,3,max_minus,u,10,5,5,0.75,0.5414355527978463,0.441077441077441077441077441,0.7272727272727272727272727273,0.4612794612794612794612794613,1,0.5414355527978463,0.396548358127367146929053922,0.7401897622115497247276560853,1.0,1.0
corpora/clinical_pp/cl156_pp_wostw.txt,4,3,max_minus,u,10,5,5,1,0.5619457768834578,0.3804713804713804713804713803,0.7272727272727272727272727273,0.4175084175084175084175084173,1,0.5619457768834578,0.3236109484206005232126820507,0.7401897622115497247276560853,1.0,1.0
corpora/clinical_pp/cl156_pp_wostw.txt,4,3,max_minus,u,10,5,10,0,0.5295897411569039,0.4478114478114478114478114477,0.7272727272727272727272727273,0.552188552188552188552188552,1,0.5295897411569039,0.4408652532115106790051149897,0.7401897622115497247276560853,1.0,1.0
corpora/clinical_pp/cl156_pp_wostw.txt,4,3,max_minus,u,10,5,10,0.25,0.5296382691502031,0.468013468013468013468013468,0.7272727272727272727272727273,0.468013468013468013468013468,1,0.5296382691502031,0.450197180898832532896021241,0.7401897622115497247276560853,1.0,1.0
corpora/clinical_pp/cl156_pp_wostw.txt,4,3,max_minus,u,10,5,10,0.5,0.5947225900726477,0.414141414141414141414141414,0.7272727272727272727272727273,0.414141414141414141414141414,1,0.5947225900726477,0.3666393346608878997305845147,0.7401897622115497247276560853,1.0,1.0
corpora/clinical_pp/cl156_pp_wostw.txt,4,3,max_minus,u,10,5,10,0.75,0.6068287756420984,0.3872053872053872053872053873,0.7272727272727272727272727273,0.3872053872053872053872053873,1,0.6068287756420984,0.3439928155870524384053726913,0.7401897622115497247276560853,1.0,1.0
corpora/clinical_pp/cl156_pp_wostw.txt,4,3,max_minus,u,10,5,10,1,0.589000705979529,0.340067340067340067340067340,0.7272727272727272727272727273,0.3905723905723905723905723907,1,0.589000705979529,0.2862051462262309164031080395,0.7401897622115497247276560853,1.0,1.0
corpora/clinical_pp/cl156_pp_wostw.txt,4,3,max_minus,u,10,5,50,0,0.48439795815920567,0.414141414141414141414141414,0.7272727272727272727272727273,0.6868686868686868686868686867,1,0.48439795815920567,0.3797977431572371246729920737,0.7401897622115497247276560853,1.0,1.0
corpora/clinical_pp/cl156_pp_wostw.txt,4,3,max_minus,u,10,5,50,0.25,0.5424569020892874,0.377104377104377104377104377,0.7272727272727272727272727273,0.6228956228956228956228956227,1,0.5424569020892874,0.3331771504431689508414353208,0.7401897622115497247276560853,1.0,1.0
corpora/clinical_pp/cl156_pp_wostw.txt,4,3,max_minus,u,10,5,50,0.5,0.5427070205781203,0.478114478114478114478114478,0.7272727272727272727272727273,0.5858585858585858585858585857,1,0.5427070205781203,0.424348912576627230486900160,0.7401897622115497247276560853,1.0,1.0
corpora/clinical_pp/cl156_pp_wostw.txt,4,3,max_minus,u,10,5,50,0.75,0.5986054923729135,0.3905723905723905723905723907,0.7272727272727272727272727273,0.4276094276094276094276094277,1,0.5986054923729135,0.3360665339112100269415485533,0.7401897622115497247276560853,1.0,1.0
corpora/clinical_pp/cl156_pp_wostw.txt,4,3,max_minus,u,10,5,50,1,0.6583143663567365,0.2659932659932659932659932660,0.7272727272727272727272727273,0.3265993265993265993265993266,1,0.6583143663567365,0.2186950919526765842801921050,0.7401897622115497247276560853,1.0,1.0
corpora/clinical_pp/cl156_pp_wostw.txt,4,3,max_minus,u,10,5,100,0,0.19505157435967813,0.7205387205387205387205387203,0.7272727272727272727272727273,0.9932659932659932659932659933,1,0.19505157435967813,0.7314825660848854008043418843,0.7401897622115497247276560853,1.0,1.0
corpora/clinical_pp/cl156_pp_wostw.txt,4,3,max_minus,u,10,5,100,0.25,0.22004362639576228,0.686868686868686868686868687,0.7272727272727272727272727273,0.9595959595959595959595959597,1,0.22004362639576228,0.7013002225606184842450509547,0.7401897622115497247276560853,1.0,1.0
corpora/clinical_pp/cl156_pp_wostw.txt,4,3,max_minus,u,10,5,100,0.5,0.34316098642043896,0.6531986531986531986531986533,0.7272727272727272727272727273,0.9225589225589225589225589227,1,0.34316098642043896,0.6575690133145913865136074343,0.7401897622115497247276560853,1.0,1.0
corpora/clinical_pp/cl156_pp_wostw.txt,4,3,max_minus,u,10,5,100,0.75,0.5354592993586783,0.4612794612794612794612794613,0.7272727272727272727272727273,0.7205387205387205387205387207,1,0.5354592993586783,0.427550661824997071570809418,0.7401897622115497247276560853,1.0,1.0
corpora/clinical_pp/cl156_pp_wostw.txt,4,3,max_minus,u,10,5,100,1,0.5734698636660835,0.3703703703703703703703703703,0.7272727272727272727272727273,0.5286195286195286195286195287,1,0.5734698636660835,0.3309905899808675959548631447,0.7401897622115497247276560853,1.0,1.0
corpora/clinical_pp/cl156_pp_wostw.txt,4,3,max_minus,u,10,5,200,0,0.15953896891379368,0.7003367003367003367003367003,0.7272727272727272727272727273,0.973063973063973063973063973,1,0.15953896891379368,0.709812190074577330053492640,0.7401897622115497247276560853,1.0,1.0
corpora/clinical_pp/cl156_pp_wostw.txt,4,3,max_minus,u,10,5,200,0.25,0.18648649141930776,0.6936026936026936026936026937,0.7272727272727272727272727273,0.9663299663299663299663299663,1,0.18648649141930776,0.7055562063175979071492717973,0.7401897622115497247276560853,1.0,1.0
corpora/clinical_pp/cl156_pp_wostw.txt,4,3,max_minus,u,10,5,200,0.5,0.1910841909756378,0.6936026936026936026936026937,0.7272727272727272727272727273,0.9663299663299663299663299663,1,0.1910841909756378,0.7055562063175979071492717973,0.7401897622115497247276560853,1.0,1.0
corpora/clinical_pp/cl156_pp_wostw.txt,4,3,max_minus,u,10,5,200,0.75,0.20932014331225912,0.6936026936026936026936026937,0.7272727272727272727272727273,0.9663299663299663299663299663,0.9932659932659932659932659933,0.20932014331225912,0.7054000234274335246573737847,0.7401897622115497247276560853,1.0,1.0
corpora/clinical_pp/cl156_pp_wostw.txt,4,3,max_minus,u,10,5,200,1,0.27806362087570774,0.686868686868686868686868687,0.7272727272727272727272727273,0.9595959595959595959595959597,1,0.27806362087570774,0.687946585451563781187770880,0.7401897622115497247276560853,1.0,1.0
corpora/clinical_pp/cl156_pp_wostw.txt,4,3,max_minus,u,10,10,5,0,0.5423708257631445,0.5016835016835016835016835017,0.7272727272727272727272727273,0.5016835016835016835016835017,1,0.5423708257631445,0.4688610362734762406778337433,0.7401897622115497247276560853,1.0,1.0
corpora/clinical_pp/cl156_pp_wostw.txt,4,3,max_minus,u,10,10,5,0.25,0.5841521743997325,0.4545454545454545454545454547,0.7272727272727272727272727273,0.4545454545454545454545454547,1,0.5841521743997325,0.417476865409394400843387607,0.7401897622115497247276560853,1.0,1.0
corpora/clinical_pp/cl156_pp_wostw.txt,4,3,max_minus,u,10,10,5,0.5,0.570946184539443,0.4208754208754208754208754207,0.7272727272727272727272727273,0.4444444444444444444444444443,1,0.570946184539443,0.377689274140017961032368904,0.7401897622115497247276560853,1.0,1.0
corpora/clinical_pp/cl156_pp_wostw.txt,4,3,max_minus,u,10,10,5,0.75,0.5652383083512169,0.4242424242424242424242424243,0.7272727272727272727272727273,0.451178451178451178451178451,1,0.5652383083512169,0.3756979422904220842606692437,0.7401897622115497247276560853,1.0,1.0
corpora/clinical_pp/cl156_pp_wostw.txt,4,3,max_minus,u,10,10,5,1,0.5660297948703888,0.4175084175084175084175084173,0.7272727272727272727272727273,0.4444444444444444444444444443,1,0.5660297948703888,0.369528718128928975830697747,0.7401897622115497247276560853,1.0,1.0
corpora/clinical_pp/cl156_pp_wostw.txt,4,3,max_minus,u,10,10,10,0,0.525389094653704,0.521885521885521885521885522,0.7272727272727272727272727273,0.521885521885521885521885522,1,0.525389094653704,0.4866658857522158447542071767,0.7401897622115497247276560853,1.0,1.0
corpora/clinical_pp/cl156_pp_wostw.txt,4,3,max_minus,u,10,10,10,0.25,0.5598618413336515,0.494949494949494949494949495,0.7272727272727272727272727273,0.494949494949494949494949495,1,0.5598618413336515,0.4484010776619421342391940963,0.7401897622115497247276560853,1.0,1.0
corpora/clinical_pp/cl156_pp_wostw.txt,4,3,max_minus,u,10,10,10,0.5,0.5755461082907783,0.4074074074074074074074074073,0.7272727272727272727272727273,0.4276094276094276094276094277,1,0.5755461082907783,0.353129514661668814181406427,0.7401897622115497247276560853,1.0,1.0
corpora/clinical_pp/cl156_pp_wostw.txt,4,3,max_minus,u,10,10,10,0.75,0.5894408456571997,0.4343434343434343434343434343,0.7272727272727272727272727273,0.4343434343434343434343434343,1,0.5894408456571997,0.387489750497832962398969193,0.7401897622115497247276560853,1.0,1.0
corpora/clinical_pp/cl156_pp_wostw.txt,4,3,max_minus,u,10,10,10,1,0.5528368490010593,0.4377104377104377104377104377,0.7272727272727272727272727273,0.4646464646464646464646464647,1,0.5528368490010593,0.3917066885322712896802155323,0.7401897622115497247276560853,1.0,1.0
corpora/clinical_pp/cl156_pp_wostw.txt,4,3,max_minus,u,10,10,50,0,0.5536313733211878,0.478114478114478114478114478,0.7272727272727272727272727273,0.5993265993265993265993265993,1,0.5536313733211878,0.4097848580687985631174104877,0.7401897622115497247276560853,1.0,1.0
corpora/clinical_pp/cl156_pp_wostw.txt,4,3,max_minus,u,10,10,50,0.25,0.5546899600108961,0.4747474747474747474747474747,0.7272727272727272727272727273,0.505050505050505050505050505,1,0.5546899600108961,0.424348912576627230486900160,0.7401897622115497247276560853,1.0,1.0
corpora/clinical_pp/cl156_pp_wostw.txt,4,3,max_minus,u,10,10,50,0.5,0.5720478281702377,0.441077441077441077441077441,0.7272727272727272727272727273,0.457912457912457912457912458,1,0.5720478281702377,0.3924876029830932021397055953,0.7401897622115497247276560853,1.0,1.0
corpora/clinical_pp/cl156_pp_wostw.txt,4,3,max_minus,u,10,10,50,0.75,0.5773350421011003,0.4343434343434343434343434343,0.7272727272727272727272727273,0.4511784511784511784511784513,1,0.5773350421011003,0.3710515013080317051267033697,0.7401897622115497247276560853,1.0,1.0
corpora/clinical_pp/cl156_pp_wostw.txt,4,3,max_minus,u,10,10,50,1,0.5778221588756104,0.414141414141414141414141414,0.7272727272727272727272727273,0.4444444444444444444444444443,1,0.5778221588756104,0.3552770294014290734450040997,0.7401897622115497247276560853,1.0,1.0
corpora/clinical_pp/cl156_pp_wostw.txt,4,3,max_minus,u,10,10,100,0,0.37526501638748005,0.468013468013468013468013468,0.7272727272727272727272727273,0.7407407407407407407407407407,1,0.37526501638748005,0.4354378977782983874116590527,0.7401897622115497247276560853,1.0,1.0
corpora/clinical_pp/cl156_pp_wostw.txt,4,3,max_minus,u,10,10,100,0.25,0.4452959846578806,0.5016835016835016835016835017,0.7272727272727272727272727273,0.7744107744107744107744107743,1,0.4452959846578806,0.4749912147124282534848307367,0.7401897622115497247276560853,1.0,1.0
corpora/clinical_pp/cl156_pp_wostw.txt,4,3,max_minus,u,10,10,100,0.5,0.6169807004379441,0.3299663299663299663299663299,0.7272727272727272727272727273,0.4612794612794612794612794613,1,0.6169807004379441,0.2917105931045253992425129827,0.7401897622115497247276560853,1.0,1.0
corpora/clinical_pp/cl156_pp_wostw.txt,4,3,max_minus,u,10,10,100,0.75,0.5815022238870089,0.4006734006734006734006734007,0.7272727272727272727272727273,0.4478114478114478114478114477,1,0.5815022238870089,0.3524266916559290929678653703,0.7401897622115497247276560853,1.0,1.0
corpora/clinical_pp/cl156_pp_wostw.txt,4,3,max_minus,u,10,10,100,1,0.5847996949096959,0.393939393939393939393939394,0.7272727272727272727272727273,0.430976430976430976430976431,1,0.5847996949096959,0.3398930147202373979930498613,0.7401897622115497247276560853,1.0,1.0
corpora/clinical_pp/cl156_pp_wostw.txt,4,3,max_minus,u,10,10,200,0,0.19297539989064563,0.6936026936026936026936026937,0.7272727272727272727272727273,0.9663299663299663299663299663,1,0.19297539989064563,0.7055562063175979071492717973,0.7401897622115497247276560853,1.0,1.0
corpora/clinical_pp/cl156_pp_wostw.txt,4,3,max_minus,u,10,10,200,0.25,0.1849959081221938,0.7272727272727272727272727273,0.7272727272727272727272727273,1,1,0.1849959081221938,0.7401897622115497247276560853,0.7401897622115497247276560853,1.0,1.0
corpora/clinical_pp/cl156_pp_wostw.txt,4,3,max_minus,u,10,10,200,0.5,0.31417977207178177,0.575757575757575757575757576,0.7272727272727272727272727273,0.8484848484848484848484848483,1,0.31417977207178177,0.5529655226269962125649135137,0.7401897622115497247276560853,1.0,1.0
corpora/clinical_pp/cl156_pp_wostw.txt,4,3,max_minus,u,10,10,200,0.75,0.37577828127617,0.5185185185185185185185185187,0.7272727272727272727272727273,0.7912457912457912457912457913,1,0.37577828127617,0.4782710554058802858146890007,0.7401897622115497247276560853,1.0,1.0
corpora/clinical_pp/cl156_pp_wostw.txt,4,3,max_minus,u,10,10,200,1,0.5441423734453862,0.4242424242424242424242424243,0.7272727272727272727272727273,0.612794612794612794612794613,1,0.5441423734453862,0.388583030728983639842255281,0.7401897622115497247276560853,1.0,1.0
corpora/clinical_pp/cl156_pp_wostw.txt,4,3,max_minus,u,10,30,5,0,0.5342744411516529,0.515151515151515151515151515,0.7272727272727272727272727273,0.515151515151515151515151515,1,0.5342744411516529,0.481043301706298075045878724,0.7401897622115497247276560853,1.0,1.0
corpora/clinical_pp/cl156_pp_wostw.txt,4,3,max_minus,u,10,30,5,0.25,0.564294668139439,0.494949494949494949494949495,0.7272727272727272727272727273,0.494949494949494949494949495,1,0.564294668139439,0.4397329272578189059388543987,0.7401897622115497247276560853,1.0,1.0
corpora/clinical_pp/cl156_pp_wostw.txt,4,3,max_minus,u,10,30,5,0.5,0.5605182654578768,0.4377104377104377104377104377,0.7272727272727272727272727273,0.4646464646464646464646464647,1,0.5605182654578768,0.3945179805552301745343797587,0.7401897622115497247276560853,1.0,1.0
corpora/clinical_pp/cl156_pp_wostw.txt,4,3,max_minus,u,10,30,5,0.75,0.5718974832404567,0.4612794612794612794612794613,0.7272727272727272727272727273,0.4612794612794612794612794613,1,0.5718974832404567,0.412010464253641013626957167,0.7401897622115497247276560853,1.0,1.0
corpora/clinical_pp/cl156_pp_wostw.txt,4,3,max_minus,u,10,30,5,1,0.5823664824305911,0.4276094276094276094276094277,0.7272727272727272727272727273,0.4343434343434343434343434343,1,0.5823664824305911,0.3703877240248330795361368163,0.7401897622115497247276560853,1.0,1.0
corpora/clinical_pp/cl156_pp_wostw.txt,4,3,max_minus,u,10,30,10,0,0.5487065385527788,0.494949494949494949494949495,0.7272727272727272727272727273,0.494949494949494949494949495,1,0.5487065385527788,0.460895708875092733591035102,0.7401897622115497247276560853,1.0,1.0
corpora/clinical_pp/cl156_pp_wostw.txt,4,3,max_minus,u,10,30,10,0.25,0.5840781256363746,0.4545454545454545454545454547,0.7272727272727272727272727273,0.4545454545454545454545454547,1,0.5840781256363746,0.417476865409394400843387607,0.7401897622115497247276560853,1.0,1.0
corpora/clinical_pp/cl156_pp_wostw.txt,4,3,max_minus,u,10,30,10,0.5,0.5710203252556644,0.4242424242424242424242424243,0.7272727272727272727272727273,0.451178451178451178451178451,1,0.5710203252556644,0.3848346413650384600367029793,0.7401897622115497247276560853,1.0,1.0
corpora/clinical_pp/cl156_pp_wostw.txt,4,3,max_minus,u,10,30,10,0.75,0.5734257762839428,0.4545454545454545454545454547,0.7272727272727272727272727273,0.4545454545454545454545454547,1,0.5734257762839428,0.4020147592831205341454843623,0.7401897622115497247276560853,1.0,1.0
corpora/clinical_pp/cl156_pp_wostw.txt,4,3,max_minus,u,10,30,10,1,0.5578255059093983,0.430976430976430976430976431,0.7272727272727272727272727273,0.457912457912457912457912458,1,0.5578255059093983,0.3866307446019288586935301237,0.7401897622115497247276560853,1.0,1.0
corpora/clinical_pp/cl156_pp_wostw.txt,4,3,max_minus,u,10,30,50,0,0.5542866126888762,0.5016835016835016835016835013,0.7272727272727272727272727273,0.5016835016835016835016835013,1,0.5542866126888762,0.4541017531529420951934715553,0.7401897622115497247276560853,1.0,1.0
corpora/clinical_pp/cl156_pp_wostw.txt,4,3,max_minus,u,10,30,50,0.25,0.5592101355820324,0.4949494949494949494949494947,0.7272727272727272727272727273,0.4949494949494949494949494947,1,0.5592101355820324,0.4484010776619421342391940963,0.7401897622115497247276560853,1.0,1.0
corpora/clinical_pp/cl156_pp_wostw.txt,4,3,max_minus,u,10,30,50,0.5,0.5592101355820324,0.4949494949494949494949494947,0.7272727272727272727272727273,0.4949494949494949494949494947,1,0.5592101355820324,0.4484010776619421342391940963,0.7401897622115497247276560853,1.0,1.0
corpora/clinical_pp/cl156_pp_wostw.txt,4,3,max_minus,u,10,30,50,0.75,0.5826550779186481,0.478114478114478114478114478,0.7272727272727272727272727273,0.488215488215488215488215488,1,0.5826550779186481,0.4250517355823669517004412167,0.7401897622115497247276560853,1.0,1.0
corpora/clinical_pp/cl156_pp_wostw.txt,4,3,max_minus,u,10,30,50,1,0.5526132652840877,0.4444444444444444444444444443,0.7272727272727272727272727273,0.4713804713804713804713804713,1,0.5526132652840877,0.3982663699191753543399320603,0.7401897622115497247276560853,1.0,1.0
corpora/clinical_pp/cl156_pp_wostw.txt,4,3,max_minus,u,10,30,100,0,0.589672267660005,0.4107744107744107744107744107,0.7272727272727272727272727273,0.430976430976430976430976431,1,0.589672267660005,0.371715278591230330717269923,0.7401897622115497247276560853,1.0,1.0
corpora/clinical_pp/cl156_pp_wostw.txt,4,3,max_minus,u,10,30,100,0.25,0.5552284057020591,0.4814814814814814814814814813,0.7272727272727272727272727273,0.4983164983164983164983164983,1,0.5552284057020591,0.4410604818242161571199875053,0.7401897622115497247276560853,1.0,1.0
corpora/clinical_pp/cl156_pp_wostw.txt,4,3,max_minus,u,10,30,100,0.5,0.5559812664203106,0.4612794612794612794612794613,0.7272727272727272727272727273,0.478114478114478114478114478,1,0.5559812664203106,0.4067392917105931045253992427,0.7401897622115497247276560853,1.0,1.0
corpora/clinical_pp/cl156_pp_wostw.txt,4,3,max_minus,u,10,30,100,0.75,0.49802117277798663,0.542087542087542087542087542,0.7272727272727272727272727273,0.5589225589225589225589225587,1,0.49802117277798663,0.4961149506071609855140369373,0.7401897622115497247276560853,1.0,1.0
corpora/clinical_pp/cl156_pp_wostw.txt,4,3,max_minus,u,10,30,100,1,0.4980467483483711,0.5151515151515151515151515153,0.7272727272727272727272727273,0.531986531986531986531986532,1,0.4980467483483711,0.472531334192339229237437039,0.7401897622115497247276560853,1.0,1.0
corpora/clinical_pp/cl156_pp_wostw.txt,4,3,max_minus,u,10,30,200,0,0.5610595138104243,0.5353535353535353535353535353,0.7272727272727272727272727273,0.7205387205387205387205387207,1,0.5610595138104243,0.5161454062707430400999570497,0.7401897622115497247276560853,1.0,1.0
corpora/clinical_pp/cl156_pp_wostw.txt,4,3,max_minus,u,10,30,200,0.25,0.5334466054009269,0.4781144781144781144781144783,0.7272727272727272727272727273,0.6296296296296296296296296293,1,0.5334466054009269,0.449416266448010620436531178,0.7401897622115497247276560853,1.0,1.0
corpora/clinical_pp/cl156_pp_wostw.txt,4,3,max_minus,u,10,30,200,0.5,0.5328913132139319,0.521885521885521885521885522,0.7272727272727272727272727273,0.585858585858585858585858586,1,0.5328913132139319,0.4836984108390925774081449377,0.7401897622115497247276560853,1.0,1.0
corpora/clinical_pp/cl156_pp_wostw.txt,4,3,max_minus,u,10,30,200,0.75,0.5205548354895259,0.542087542087542087542087542,0.7272727272727272727272727273,0.558922558922558922558922559,1,0.5205548354895259,0.5041583694506266838467845847,0.7401897622115497247276560853,1.0,1.0
corpora/clinical_pp/cl156_pp_wostw.txt,4,3,max_minus,u,10,30,200,1,0.493018445561302,0.5622895622895622895622895623,0.7272727272727272727272727273,0.579124579124579124579124579,1,0.493018445561302,0.5163406348834485182148295653,0.7401897622115497247276560853,1.0,1.0
corpora/clinical_pp/cl156_pp_wostw.txt,4,3,max_minus,u,15,1,5,0,1.5699509157008945e-15,0.2727272727272727272727272727,0.7272727272727272727272727273,0.2727272727272727272727272727,1,1.5699509157008945e-15,0.2598102377884502752723439147,0.7401897622115497247276560853,1.0,1.0
corpora/clinical_pp/cl156_pp_wostw.txt,4,3,max_minus,u,15,1,5,0.25,1.5699509157008945e-15,0.2727272727272727272727272727,0.7272727272727272727272727273,0.2727272727272727272727272727,1,1.5699509157008945e-15,0.2598102377884502752723439147,0.7401897622115497247276560853,1.0,1.0
corpora/clinical_pp/cl156_pp_wostw.txt,4,3,max_minus,u,15,1,5,0.5,1.5699509157008945e-15,0.2727272727272727272727272727,0.7272727272727272727272727273,0.2727272727272727272727272727,1,1.5699509157008945e-15,0.2598102377884502752723439147,0.7401897622115497247276560853,1.0,1.0
corpora/clinical_pp/cl156_pp_wostw.txt,4,3,max_minus,u,15,1,5,0.75,0.178413935349182,0.3030303030303030303030303030,0.7272727272727272727272727273,0.3097643097643097643097643097,1,0.178413935349182,0.2909687243762445824059974230,0.7401897622115497247276560853,1.0,1.0
corpora/clinical_pp/cl156_pp_wostw.txt,4,3,max_minus,u,15,1,5,1,0.5428001646781,0.4545454545454545454545454543,0.7272727272727272727272727273,0.515151515151515151515151515,1,0.5428001646781,0.4482058490492366561243215807,0.7401897622115497247276560853,1.0,1.0
corpora/clinical_pp/cl156_pp_wostw.txt,4,3,max_minus,u,15,1,10,0,1.5699509157008945e-15,0.2727272727272727272727272727,0.7272727272727272727272727273,0.2727272727272727272727272727,1,1.5699509157008945e-15,0.2598102377884502752723439147,0.7401897622115497247276560853,1.0,1.0
corpora/clinical_pp/cl156_pp_wostw.txt,4,3,max_minus,u,15,1,10,0.25,1.5699509157008945e-15,0.2727272727272727272727272727,0.7272727272727272727272727273,0.2727272727272727272727272727,1,1.5699509157008945e-15,0.2598102377884502752723439147,0.7401897622115497247276560853,1.0,1.0
corpora/clinical_pp/cl156_pp_wostw.txt,4,3,max_minus,u,15,1,10,0.5,0.14538266336521807,0.3232323232323232323232323232,0.7272727272727272727272727273,0.3468013468013468013468013467,1,0.14538266336521807,0.3042442700402170942173284916,0.7401897622115497247276560853,1.0,1.0
corpora/clinical_pp/cl156_pp_wostw.txt,4,3,max_minus,u,15,1,10,0.75,0.3895749945635391,0.3030303030303030303030303030,0.7272727272727272727272727273,0.4276094276094276094276094277,1,0.3895749945635391,0.2941704736246144234899066807,0.7401897622115497247276560853,1.0,1.0
corpora/clinical_pp/cl156_pp_wostw.txt,4,3,max_minus,u,15,1,10,1,0.6045941698249329,0.3030303030303030303030303030,0.7272727272727272727272727273,0.430976430976430976430976431,1,0.6045941698249329,0.2782398188278474093163093983,0.7401897622115497247276560853,1.0,1.0
corpora/clinical_pp/cl156_pp_wostw.txt,4,3,max_minus,u,15,1,50,0,0.07734855270669666,0.7272727272727272727272727273,0.7272727272727272727272727273,1,1,0.07734855270669666,0.7401897622115497247276560853,0.7401897622115497247276560853,1.0,1.0
corpora/clinical_pp/cl156_pp_wostw.txt,4,3,max_minus,u,15,1,50,0.25,0.13428660632353864,0.7272727272727272727272727273,0.7272727272727272727272727273,1,1,0.13428660632353864,0.7401897622115497247276560853,0.7401897622115497247276560853,1.0,1.0
corpora/clinical_pp/cl156_pp_wostw.txt,4,3,max_minus,u,15,1,50,0.5,0.136111933904464,0.7272727272727272727272727273,0.7272727272727272727272727273,1,1,0.136111933904464,0.7401897622115497247276560853,0.7401897622115497247276560853,1.0,1.0
corpora/clinical_pp/cl156_pp_wostw.txt,4,3,max_minus,u,15,1,50,0.75,0.17099776785286624,0.7272727272727272727272727273,0.7272727272727272727272727273,1,1,0.17099776785286624,0.7401897622115497247276560853,0.7401897622115497247276560853,1.0,1.0
corpora/clinical_pp/cl156_pp_wostw.txt,4,3,max_minus,u,15,1,50,1,0.22081430727202422,0.7272727272727272727272727273,0.7272727272727272727272727273,1,1,0.22081430727202422,0.7401897622115497247276560853,0.7401897622115497247276560853,1.0,1.0
corpora/clinical_pp/cl156_pp_wostw.txt,4,3,max_minus,u,15,1,100,0,0.11810010542656986,0.7272727272727272727272727273,0.7272727272727272727272727273,1,1,0.11810010542656986,0.7401897622115497247276560853,0.7401897622115497247276560853,1.0,1.0
corpora/clinical_pp/cl156_pp_wostw.txt,4,3,max_minus,u,15,1,100,0.25,0.12933026879807394,0.7272727272727272727272727273,0.7272727272727272727272727273,1,1,0.12933026879807394,0.7401897622115497247276560853,0.7401897622115497247276560853,1.0,1.0
corpora/clinical_pp/cl156_pp_wostw.txt,4,3,max_minus,u,15,1,100,0.5,0.12933026879807394,0.7272727272727272727272727273,0.7272727272727272727272727273,1,1,0.12933026879807394,0.7401897622115497247276560853,0.7401897622115497247276560853,1.0,1.0
corpora/clinical_pp/cl156_pp_wostw.txt,4,3,max_minus,u,15,1,100,0.75,0.12933026879807394,0.7272727272727272727272727273,0.7272727272727272727272727273,1,1,0.12933026879807394,0.7401897622115497247276560853,0.7401897622115497247276560853,1.0,1.0
corpora/clinical_pp/cl156_pp_wostw.txt,4,3,max_minus,u,15,1,100,1,0.11791694478943772,0.7272727272727272727272727273,0.7272727272727272727272727273,1,1,0.11791694478943772,0.7401897622115497247276560853,0.7401897622115497247276560853,1.0,1.0
corpora/clinical_pp/cl156_pp_wostw.txt,4,3,max_minus,u,15,1,200,0,0.07205057652496281,0.7272727272727272727272727273,0.7272727272727272727272727273,1,1,0.07205057652496281,0.7401897622115497247276560853,0.7401897622115497247276560853,1.0,1.0
corpora/clinical_pp/cl156_pp_wostw.txt,4,3,max_minus,u,15,1,200,0.25,0.07416277906058111,0.7272727272727272727272727273,0.7272727272727272727272727273,1,1,0.07416277906058111,0.7401897622115497247276560853,0.7401897622115497247276560853,1.0,1.0
corpora/clinical_pp/cl156_pp_wostw.txt,4,3,max_minus,u,15,1,200,0.5,0.0794504522865712,0.7272727272727272727272727273,0.7272727272727272727272727273,1,1,0.0794504522865712,0.7401897622115497247276560853,0.7401897622115497247276560853,1.0,1.0
corpora/clinical_pp/cl156_pp_wostw.txt,4,3,max_minus,u,15,1,200,0.75,0.0794504522865712,0.7272727272727272727272727273,0.7272727272727272727272727273,1,1,0.0794504522865712,0.7401897622115497247276560853,0.7401897622115497247276560853,1.0,1.0
corpora/clinical_pp/cl156_pp_wostw.txt,4,3,max_minus,u,15,1,200,1,0.08590893671726534,0.7272727272727272727272727273,0.7272727272727272727272727273,1,1,0.08590893671726534,0.7401897622115497247276560853,0.7401897622115497247276560853,1.0,1.0
corpora/clinical_pp/cl156_pp_wostw.txt,4,3,max_minus,u,15,2,5,0,1.5699509157008945e-15,0.2727272727272727272727272727,0.7272727272727272727272727273,0.2727272727272727272727272727,1,1.5699509157008945e-15,0.2598102377884502752723439147,0.7401897622115497247276560853,1.0,1.0
corpora/clinical_pp/cl156_pp_wostw.txt,4,3,max_minus,u,15,2,5,0.25,0.178413935349182,0.3030303030303030303030303030,0.7272727272727272727272727273,0.3097643097643097643097643097,1,0.178413935349182,0.2909687243762445824059974230,0.7401897622115497247276560853,1.0,1.0
corpora/clinical_pp/cl156_pp_wostw.txt,4,3,max_minus,u,15,2,5,0.5,0.5428001646781,0.4545454545454545454545454543,0.7272727272727272727272727273,0.515151515151515151515151515,1,0.5428001646781,0.4482058490492366561243215807,0.7401897622115497247276560853,1.0,1.0
corpora/clinical_pp/cl156_pp_wostw.txt,4,3,max_minus,u,15,2,5,0.75,0.6406578137959236,0.2794612794612794612794612794,0.7272727272727272727272727273,0.3973063973063973063973063973,1,0.6406578137959236,0.2510639959392448557260552106,0.7401897622115497247276560853,1.0,1.0
corpora/clinical_pp/cl156_pp_wostw.txt,4,3,max_minus,u,15,2,5,1,0.6809201901762886,0.2525252525252525252525252525,0.7272727272727272727272727273,0.3030303030303030303030303030,1,0.6809201901762886,0.1928077779079301862480965210,0.7401897622115497247276560853,1.0,1.0
corpora/clinical_pp/cl156_pp_wostw.txt,4,3,max_minus,u,15,2,10,0,0.14538266336521807,0.3232323232323232323232323232,0.7272727272727272727272727273,0.3468013468013468013468013467,1,0.14538266336521807,0.3042442700402170942173284916,0.7401897622115497247276560853,1.0,1.0
corpora/clinical_pp/cl156_pp_wostw.txt,4,3,max_minus,u,15,2,10,0.25,0.3895749945635391,0.3030303030303030303030303030,0.7272727272727272727272727273,0.4276094276094276094276094277,1,0.3895749945635391,0.2941704736246144234899066807,0.7401897622115497247276560853,1.0,1.0
corpora/clinical_pp/cl156_pp_wostw.txt,4,3,max_minus,u,15,2,10,0.5,0.538399314371634,0.4175084175084175084175084173,0.7272727272727272727272727273,0.4612794612794612794612794613,1,0.538399314371634,0.4061536058724766701807816953,0.7401897622115497247276560853,1.0,1.0
corpora/clinical_pp/cl156_pp_wostw.txt,4,3,max_minus,u,15,2,10,0.75,0.5419534410488285,0.4107744107744107744107744107,0.7272727272727272727272727273,0.4848484848484848484848484847,1,0.5419534410488285,0.3922923743703877240248330797,0.7401897622115497247276560853,1.0,1.0
corpora/clinical_pp/cl156_pp_wostw.txt,4,3,max_minus,u,15,2,10,1,0.7191381263877449,0.2121212121212121212121212121,0.7272727272727272727272727273,0.2727272727272727272727272727,1,0.7191381263877449,0.1696146187185193862012416540,0.7401897622115497247276560853,1.0,1.0
corpora/clinical_pp/cl156_pp_wostw.txt,4,3,max_minus,u,15,2,50,0,0.13294945048652063,0.7272727272727272727272727273,0.7272727272727272727272727273,1,1,0.13294945048652063,0.7401897622115497247276560853,0.7401897622115497247276560853,1.0,1.0
corpora/clinical_pp/cl156_pp_wostw.txt,4,3,max_minus,u,15,2,50,0.25,0.14973118824998927,0.7272727272727272727272727273,0.7272727272727272727272727273,1,0.9932659932659932659932659933,0.14973118824998927,0.7401897622115497247276560853,0.7401897622115497247276560853,1.0,1.0
corpora/clinical_pp/cl156_pp_wostw.txt,4,3,max_minus,u,15,2,50,0.5,0.22611234328994767,0.7205387205387205387205387207,0.7272727272727272727272727273,0.9932659932659932659932659933,1,0.22611234328994767,0.7314825660848854008043418847,0.7401897622115497247276560853,1.0,1.0
corpora/clinical_pp/cl156_pp_wostw.txt,4,3,max_minus,u,15,2,50,0.75,0.2867365065210881,0.713804713804713804713804714,0.7272727272727272727272727273,0.9865319865319865319865319867,0.9865319865319865319865319867,0.2867365065210881,0.727226582327905977900121042,0.7401897622115497247276560853,1.0,1.0
corpora/clinical_pp/cl156_pp_wostw.txt,4,3,max_minus,u,15,2,50,1,0.5292484081402203,0.5286195286195286195286195287,0.7272727272727272727272727273,0.744107744107744107744107744,1,0.5292484081402203,0.4967396821678185154816289873,0.7401897622115497247276560853,1.0,1.0
corpora/clinical_pp/cl156_pp_wostw.txt,4,3,max_minus,u,15,2,100,0,0.13972178133003388,0.7272727272727272727272727273,0.7272727272727272727272727273,1,1,0.13972178133003388,0.7401897622115497247276560853,0.7401897622115497247276560853,1.0,1.0
corpora/clinical_pp/cl156_pp_wostw.txt,4,3,max_minus,u,15,2,100,0.25,0.15100547093688652,0.7272727272727272727272727273,0.7272727272727272727272727273,1,1,0.15100547093688652,0.7401897622115497247276560853,0.7401897622115497247276560853,1.0,1.0
corpora/clinical_pp/cl156_pp_wostw.txt,4,3,max_minus,u,15,2,100,0.5,0.16691695982320912,0.7272727272727272727272727273,0.7272727272727272727272727273,1,1,0.16691695982320912,0.7401897622115497247276560853,0.7401897622115497247276560853,1.0,1.0
corpora/clinical_pp/cl156_pp_wostw.txt,4,3,max_minus,u,15,2,100,0.75,0.1994325334482682,0.7272727272727272727272727273,0.7272727272727272727272727273,1,1,0.1994325334482682,0.7401897622115497247276560853,0.7401897622115497247276560853,1.0,1.0
corpora/clinical_pp/cl156_pp_wostw.txt,4,3,max_minus,u,15,2,100,1,0.2161013712542543,0.7272727272727272727272727273,0.7272727272727272727272727273,1,1,0.2161013712542543,0.7401897622115497247276560853,0.7401897622115497247276560853,1.0,1.0
corpora/clinical_pp/cl156_pp_wostw.txt,4,3,max_minus,u,15,2,200,0,0.12308132050492455,0.7272727272727272727272727273,0.7272727272727272727272727273,1,1,0.12308132050492455,0.7401897622115497247276560853,0.7401897622115497247276560853,1.0,1.0
corpora/clinical_pp/cl156_pp_wostw.txt,4,3,max_minus,u,15,2,200,0.25,0.1278313455184906,0.7272727272727272727272727273,0.7272727272727272727272727273,1,1,0.1278313455184906,0.7401897622115497247276560853,0.7401897622115497247276560853,1.0,1.0
corpora/clinical_pp/cl156_pp_wostw.txt,4,3,max_minus,u,15,2,200,0.5,0.1398271327487667,0.7272727272727272727272727273,0.7272727272727272727272727273,1,1,0.1398271327487667,0.7401897622115497247276560853,0.7401897622115497247276560853,1.0,1.0
corpora/clinical_pp/cl156_pp_wostw.txt,4,3,max_minus,u,15,2,200,0.75,0.14581760769665608,0.7272727272727272727272727273,0.7272727272727272727272727273,1,1,0.14581760769665608,0.7401897622115497247276560853,0.7401897622115497247276560853,1.0,1.0
corpora/clinical_pp/cl156_pp_wostw.txt,4,3,max_minus,u,15,2,200,1,0.14581760769665608,0.7272727272727272727272727273,0.7272727272727272727272727273,1,1,0.14581760769665608,0.7401897622115497247276560853,0.7401897622115497247276560853,1.0,1.0
corpora/clinical_pp/cl156_pp_wostw.txt,4,3,max_minus,u,15,5,5,0,0.5426128780489311,0.420875420875420875420875421,0.7272727272727272727272727273,0.468013468013468013468013468,1,0.5426128780489311,0.4076373433290383038538128147,0.7401897622115497247276560853,1.0,1.0
corpora/clinical_pp/cl156_pp_wostw.txt,4,3,max_minus,u,15,5,5,0.25,0.47992856877771284,0.5353535353535353535353535353,0.7272727272727272727272727273,0.5353535353535353535353535353,1,0.47992856877771284,0.532271289680215532388426848,0.7401897622115497247276560853,1.0,1.0
corpora/clinical_pp/cl156_pp_wostw.txt,4,3,max_minus,u,15,5,5,0.5,0.5424054432685823,0.4848484848484848484848484847,0.7272727272727272727272727273,0.4848484848484848484848484847,1,0.5424054432685823,0.4498067236734215766662762093,0.7401897622115497247276560853,1.0,1.0
corpora/clinical_pp/cl156_pp_wostw.txt,4,3,max_minus,u,15,5,5,0.75,0.5844016815134251,0.4276094276094276094276094277,0.7272727272727272727272727273,0.4276094276094276094276094277,1,0.5844016815134251,0.376322673851079614228261294,0.7401897622115497247276560853,1.0,1.0
corpora/clinical_pp/cl156_pp_wostw.txt,4,3,max_minus,u,15,5,5,1,0.6059857668825618,0.367003367003367003367003367,0.7272727272727272727272727273,0.377104377104377104377104377,1,0.6059857668825618,0.3282964351255319979696224279,0.7401897622115497247276560853,1.0,1.0
corpora/clinical_pp/cl156_pp_wostw.txt,4,3,max_minus,u,15,5,10,0,0.5327537064137786,0.393939393939393939393939394,0.7272727272727272727272727273,0.4814814814814814814814814813,1,0.5327537064137786,0.3761274452383741361133887783,0.7401897622115497247276560853,1.0,1.0
corpora/clinical_pp/cl156_pp_wostw.txt,4,3,max_minus,u,15,5,10,0.25,0.47686927041942023,0.5353535353535353535353535353,0.7272727272727272727272727273,0.5353535353535353535353535353,1,0.47686927041942023,0.532271289680215532388426848,0.7401897622115497247276560853,1.0,1.0
corpora/clinical_pp/cl156_pp_wostw.txt,4,3,max_minus,u,15,5,10,0.5,0.5554381501882385,0.4545454545454545454545454547,0.7272727272727272727272727273,0.4545454545454545454545454547,1,0.5554381501882385,0.421849986333997110616531959,0.7401897622115497247276560853,1.0,1.0
corpora/clinical_pp/cl156_pp_wostw.txt,4,3,max_minus,u,15,5,10,0.75,0.6011026908367981,0.393939393939393939393939394,0.7272727272727272727272727273,0.393939393939393939393939394,1,0.6011026908367981,0.3467260161649291320135879113,0.7401897622115497247276560853,1.0,1.0
corpora/clinical_pp/cl156_pp_wostw.txt,4,3,max_minus,u,15,5,10,1,0.6208574714606071,0.3468013468013468013468013467,0.7272727272727272727272727273,0.3602693602693602693602693603,1,0.6208574714606071,0.3039319042598883292335324665,0.7401897622115497247276560853,1.0,1.0
corpora/clinical_pp/cl156_pp_wostw.txt,4,3,max_minus,u,15,5,50,0,0.38730357103919305,0.4983164983164983164983164983,0.7272727272727272727272727273,0.771043771043771043771043771,1,0.38730357103919305,0.4714380539611885517941509507,0.7401897622115497247276560853,1.0,1.0
corpora/clinical_pp/cl156_pp_wostw.txt,4,3,max_minus,u,15,5,50,0.25,0.3653228546841137,0.5185185185185185185185185183,0.7272727272727272727272727273,0.7912457912457912457912457913,1,0.3653228546841137,0.4924446526882979969544336417,0.7401897622115497247276560853,1.0,1.0
corpora/clinical_pp/cl156_pp_wostw.txt,4,3,max_minus,u,15,5,50,0.5,0.535164682361248,0.478114478114478114478114478,0.7272727272727272727272727273,0.734006734006734006734006734,1,0.535164682361248,0.4406309788762641052672679707,0.7401897622115497247276560853,1.0,1.0
corpora/clinical_pp/cl156_pp_wostw.txt,4,3,max_minus,u,15,5,50,0.75,0.6570996340837828,0.3131313131313131313131313131,0.7272727272727272727272727273,0.4343434343434343434343434343,1,0.6570996340837828,0.2347428839170668853227128968,0.7401897622115497247276560853,1.0,1.0
corpora/clinical_pp/cl156_pp_wostw.txt,4,3,max_minus,u,15,5,50,1,0.677501237924704,0.2525252525252525252525252525,0.7272727272727272727272727273,0.3030303030303030303030303030,1,0.677501237924704,0.1928077779079301862480965210,0.7401897622115497247276560853,1.0,1.0
corpora/clinical_pp/cl156_pp_wostw.txt,4,3,max_minus,u,15,5,100,0,0.2182653451109108,0.7205387205387205387205387203,0.7272727272727272727272727273,0.9932659932659932659932659933,1,0.2182653451109108,0.7314825660848854008043418843,0.7401897622115497247276560853,1.0,1.0
corpora/clinical_pp/cl156_pp_wostw.txt,4,3,max_minus,u,15,5,100,0.25,0.231767303930258,0.7003367003367003367003367003,0.7239057239057239057239057237,0.973063973063973063973063973,0.9966329966329966329966329967,0.231767303930258,0.714263402444262231072585998,0.7401897622115497247276560853,1.0,1.0
corpora/clinical_pp/cl156_pp_wostw.txt,4,3,max_minus,u,15,5,100,0.5,0.30090633692406227,0.6161616161616161616161616163,0.7272727272727272727272727273,0.888888888888888888888888889,1,0.30090633692406227,0.6125883409472492288469798133,0.7401897622115497247276560853,1.0,1.0
corpora/clinical_pp/cl156_pp_wostw.txt,4,3,max_minus,u,15,5,100,0.75,0.42805857575572953,0.606060606060606060606060606,0.7272727272727272727272727273,0.878787878787878787878787879,1,0.42805857575572953,0.604818242161571199875053688,0.7401897622115497247276560853,1.0,1.0
corpora/clinical_pp/cl156_pp_wostw.txt,4,3,max_minus,u,15,5,100,1,0.5907267311517893,0.350168350168350168350168350,0.7272727272727272727272727273,0.5993265993265993265993265993,1,0.5907267311517893,0.3012767951270938268712662528,0.7401897622115497247276560853,1.0,1.0
corpora/clinical_pp/cl156_pp_wostw.txt,4,3,max_minus,u,15,5,200,0,0.1614353551800288,0.7003367003367003367003367003,0.7272727272727272727272727273,0.973063973063973063973063973,1,0.1614353551800288,0.709812190074577330053492640,0.7401897622115497247276560853,1.0,1.0
corpora/clinical_pp/cl156_pp_wostw.txt,4,3,max_minus,u,15,5,200,0.25,0.16947133578740323,0.7003367003367003367003367003,0.7272727272727272727272727273,0.973063973063973063973063973,1,0.16947133578740323,0.709812190074577330053492640,0.7401897622115497247276560853,1.0,1.0
corpora/clinical_pp/cl156_pp_wostw.txt,4,3,max_minus,u,15,5,200,0.5,0.1927765598824999,0.6936026936026936026936026937,0.7272727272727272727272727273,0.9663299663299663299663299663,1,0.1927765598824999,0.7055562063175979071492717973,0.7401897622115497247276560853,1.0,1.0
corpora/clinical_pp/cl156_pp_wostw.txt,4,3,max_minus,u,15,5,200,0.75,0.20789387941958667,0.6936026936026936026936026937,0.7272727272727272727272727273,0.9663299663299663299663299663,1,0.20789387941958667,0.7055562063175979071492717973,0.7401897622115497247276560853,1.0,1.0
corpora/clinical_pp/cl156_pp_wostw.txt,4,3,max_minus,u,15,5,200,1,0.2709441984691546,0.6835016835016835016835016837,0.7272727272727272727272727273,0.9562289562289562289562289563,1,0.2709441984691546,0.6838467845847487407754480493,0.7401897622115497247276560853,1.0,1.0
corpora/clinical_pp/cl156_pp_wostw.txt,4,3,max_minus,u,15,10,5,0,0.5617876101044885,0.420875420875420875420875421,0.7272727272727272727272727273,0.420875420875420875420875421,1,0.5617876101044885,0.3864745617117644762016321113,0.7401897622115497247276560853,1.0,1.0
corpora/clinical_pp/cl156_pp_wostw.txt,4,3,max_minus,u,15,10,5,0.25,0.5685471822297674,0.4747474747474747474747474747,0.7272727272727272727272727273,0.4747474747474747474747474747,1,0.5685471822297674,0.4320018741946819725899027763,0.7401897622115497247276560853,1.0,1.0
corpora/clinical_pp/cl156_pp_wostw.txt,4,3,max_minus,u,15,10,5,0.5,0.536860845874166,0.5016835016835016835016835017,0.7272727272727272727272727273,0.5016835016835016835016835017,1,0.536860845874166,0.469876225059544726875170825,0.7401897622115497247276560853,1.0,1.0
corpora/clinical_pp/cl156_pp_wostw.txt,4,3,max_minus,u,15,10,5,0.75,0.5755729640321823,0.4478114478114478114478114477,0.7272727272727272727272727273,0.4478114478114478114478114477,1,0.5755729640321823,0.3950646206708055132560228027,0.7401897622115497247276560853,1.0,1.0
corpora/clinical_pp/cl156_pp_wostw.txt,4,3,max_minus,u,15,10,5,1,0.5923278431834361,0.393939393939393939393939394,0.7272727272727272727272727273,0.393939393939393939393939394,1,0.5923278431834361,0.3378235914255593299754011947,0.7401897622115497247276560853,1.0,1.0
corpora/clinical_pp/cl156_pp_wostw.txt,4,3,max_minus,u,15,10,10,0,0.5757272792584204,0.414141414141414141414141414,0.7272727272727272727272727273,0.414141414141414141414141414,1,0.5757272792584204,0.3828042637929014876420288157,0.7401897622115497247276560853,1.0,1.0
corpora/clinical_pp/cl156_pp_wostw.txt,4,3,max_minus,u,15,10,10,0.25,0.5843002719264486,0.4545454545454545454545454547,0.7272727272727272727272727273,0.4545454545454545454545454547,1,0.5843002719264486,0.417476865409394400843387607,0.7401897622115497247276560853,1.0,1.0
corpora/clinical_pp/cl156_pp_wostw.txt,4,3,max_minus,u,15,10,10,0.5,0.5890664062649369,0.4343434343434343434343434343,0.7272727272727272727272727273,0.4343434343434343434343434343,1,0.5890664062649369,0.387489750497832962398969193,0.7401897622115497247276560853,1.0,1.0
corpora/clinical_pp/cl156_pp_wostw.txt,4,3,max_minus,u,15,10,10,0.75,0.5947225900726478,0.414141414141414141414141414,0.7272727272727272727272727273,0.414141414141414141414141414,1,0.5947225900726478,0.3666393346608878997305845147,0.7401897622115497247276560853,1.0,1.0
corpora/clinical_pp/cl156_pp_wostw.txt,4,3,max_minus,u,15,10,10,1,0.6091414846196468,0.3737373737373737373737373737,0.7272727272727272727272727273,0.3737373737373737373737373737,1,0.6091414846196468,0.3232985826402717582288860255,0.7401897622115497247276560853,1.0,1.0
corpora/clinical_pp/cl156_pp_wostw.txt,4,3,max_minus,u,15,10,50,0,0.605409757158256,0.3333333333333333333333333333,0.7272727272727272727272727273,0.5084175084175084175084175083,1,0.605409757158256,0.2992073718324157588536175862,0.7401897622115497247276560853,1.0,1.0
corpora/clinical_pp/cl156_pp_wostw.txt,4,3,max_minus,u,15,10,50,0.25,0.5997790285226513,0.4276094276094276094276094277,0.7272727272727272727272727273,0.5252525252525252525252525253,1,0.5997790285226513,0.3694115809613056889617742377,0.7401897622115497247276560853,1.0,1.0
corpora/clinical_pp/cl156_pp_wostw.txt,4,3,max_minus,u,15,10,50,0.5,0.6375846420204904,0.3265993265993265993265993266,0.7272727272727272727272727273,0.356902356902356902356902357,1,0.6375846420204904,0.2808168365155597204326266058,0.7401897622115497247276560853,1.0,1.0
corpora/clinical_pp/cl156_pp_wostw.txt,4,3,max_minus,u,15,10,50,0.75,0.6341926908209551,0.3333333333333333333333333333,0.7272727272727272727272727273,0.3434343434343434343434343433,1,0.6341926908209551,0.2872984264573815938463941275,0.7401897622115497247276560853,1.0,1.0
corpora/clinical_pp/cl156_pp_wostw.txt,4,3,max_minus,u,15,10,50,1,0.6159534028650389,0.3535353535353535353535353533,0.7272727272727272727272727273,0.3737373737373737373737373737,1,0.6159534028650389,0.2874546093475459763382921401,0.7401897622115497247276560853,1.0,1.0
corpora/clinical_pp/cl156_pp_wostw.txt,4,3,max_minus,u,15,10,100,0,0.33456527992799195,0.468013468013468013468013468,0.7272727272727272727272727273,0.7407407407407407407407407407,1,0.33456527992799195,0.4354378977782983874116590527,0.7401897622115497247276560853,1.0,1.0
corpora/clinical_pp/cl156_pp_wostw.txt,4,3,max_minus,u,15,10,100,0.25,0.45097087268579167,0.5016835016835016835016835017,0.7272727272727272727272727273,0.7744107744107744107744107743,1,0.45097087268579167,0.4749912147124282534848307367,0.7401897622115497247276560853,1.0,1.0
corpora/clinical_pp/cl156_pp_wostw.txt,4,3,max_minus,u,15,10,100,0.5,0.5240546444598081,0.420875420875420875420875421,0.7272727272727272727272727273,0.6632996632996632996632996633,1,0.5240546444598081,0.3874507047752918667759946897,0.7401897622115497247276560853,1.0,1.0
corpora/clinical_pp/cl156_pp_wostw.txt,4,3,max_minus,u,15,10,100,0.75,0.6751254338813211,0.2727272727272727272727272727,0.7272727272727272727272727273,0.3838383838383838383838383837,1,0.6751254338813211,0.2111983132247862246690875015,0.7401897622115497247276560853,1.0,1.0
corpora/clinical_pp/cl156_pp_wostw.txt,4,3,max_minus,u,15,10,100,1,0.6759881734132702,0.2525252525252525252525252525,0.7272727272727272727272727273,0.3030303030303030303030303030,1,0.6759881734132702,0.1928077779079301862480965210,0.7401897622115497247276560853,1.0,1.0
corpora/clinical_pp/cl156_pp_wostw.txt,4,3,max_minus,u,15,10,200,0,0.16184697383414903,0.7272727272727272727272727273,0.7272727272727272727272727273,1,1,0.16184697383414903,0.7401897622115497247276560853,0.7401897622115497247276560853,1.0,1.0
corpora/clinical_pp/cl156_pp_wostw.txt,4,3,max_minus,u,15,10,200,0.25,0.19004415123247054,0.7272727272727272727272727273,0.7272727272727272727272727273,1,1,0.19004415123247054,0.7401897622115497247276560853,0.7401897622115497247276560853,1.0,1.0
corpora/clinical_pp/cl156_pp_wostw.txt,4,3,max_minus,u,15,10,200,0.5,0.3197113427755251,0.6767676767676767676767676767,0.7272727272727272727272727273,0.9494949494949494949494949493,1,0.3197113427755251,0.6709226504236460895708875093,0.7401897622115497247276560853,1.0,1.0
corpora/clinical_pp/cl156_pp_wostw.txt,4,3,max_minus,u,15,10,200,0.75,0.4115325769118919,0.5925925925925925925925925927,0.7272727272727272727272727273,0.8653198653198653198653198653,1,0.4115325769118919,0.5900199133184959587677169967,0.7401897622115497247276560853,1.0,1.0
corpora/clinical_pp/cl156_pp_wostw.txt,4,3,max_minus,u,15,10,200,1,0.5119506744367573,0.420875420875420875420875421,0.7272727272727272727272727273,0.659932659932659932659932660,1,0.5119506744367573,0.3807738862207645152473546523,0.7401897622115497247276560853,1.0,1.0
corpora/clinical_pp/cl156_pp_wostw.txt,4,3,max_minus,u,15,30,5,0,0.5342744411516529,0.515151515151515151515151515,0.7272727272727272727272727273,0.515151515151515151515151515,1,0.5342744411516529,0.481043301706298075045878724,0.7401897622115497247276560853,1.0,1.0
corpora/clinical_pp/cl156_pp_wostw.txt,4,3,max_minus,u,15,30,5,0.25,0.5643916325741006,0.494949494949494949494949495,0.734006734006734006734006734,0.494949494949494949494949495,0.9932659932659932659932659933,0.5643916325741006,0.4397329272578189059388543987,0.7401897622115497247276560853,1.0,1.0
corpora/clinical_pp/cl156_pp_wostw.txt,4,3,max_minus,u,15,30,5,0.5,0.5367629408995936,0.5016835016835016835016835017,0.7272727272727272727272727273,0.5016835016835016835016835017,1,0.5367629408995936,0.469876225059544726875170825,0.7401897622115497247276560853,1.0,1.0
corpora/clinical_pp/cl156_pp_wostw.txt,4,3,max_minus,u,15,30,5,0.75,0.573723051002315,0.4545454545454545454545454547,0.7272727272727272727272727273,0.4545454545454545454545454547,1,0.573723051002315,0.4020147592831205341454843623,0.7401897622115497247276560853,1.0,1.0
corpora/clinical_pp/cl156_pp_wostw.txt,4,3,max_minus,u,15,30,5,1,0.5860197315207744,0.414141414141414141414141414,0.7272727272727272727272727273,0.414141414141414141414141414,1,0.5860197315207744,0.3612510249502167037601030807,0.7401897622115497247276560853,1.0,1.0
corpora/clinical_pp/cl156_pp_wostw.txt,4,3,max_minus,u,15,30,10,0,0.5470192561998184,0.5016835016835016835016835017,0.7272727272727272727272727273,0.5016835016835016835016835017,1,0.5470192561998184,0.4651126469095310608722814417,0.7401897622115497247276560853,1.0,1.0
corpora/clinical_pp/cl156_pp_wostw.txt,4,3,max_minus,u,15,30,10,0.25,0.5840781256363746,0.4545454545454545454545454547,0.7272727272727272727272727273,0.4545454545454545454545454547,1,0.5840781256363746,0.417476865409394400843387607,0.7401897622115497247276560853,1.0,1.0
corpora/clinical_pp/cl156_pp_wostw.txt,4,3,max_minus,u,15,30,10,0.5,0.5367629408995936,0.5016835016835016835016835017,0.7272727272727272727272727273,0.5016835016835016835016835017,1,0.5367629408995936,0.469876225059544726875170825,0.7401897622115497247276560853,1.0,1.0
corpora/clinical_pp/cl156_pp_wostw.txt,4,3,max_minus,u,15,30,10,0.75,0.5734257762839428,0.4545454545454545454545454547,0.7272727272727272727272727273,0.4545454545454545454545454547,1,0.5734257762839428,0.4020147592831205341454843623,0.7401897622115497247276560853,1.0,1.0
corpora/clinical_pp/cl156_pp_wostw.txt,4,3,max_minus,u,15,30,10,1,0.585764054672039,0.414141414141414141414141414,0.7272727272727272727272727273,0.414141414141414141414141414,1,0.585764054672039,0.3612510249502167037601030807,0.7401897622115497247276560853,1.0,1.0
corpora/clinical_pp/cl156_pp_wostw.txt,4,3,max_minus,u,15,30,50,0,0.5676896312334501,0.4343434343434343434343434343,0.7272727272727272727272727273,0.494949494949494949494949495,1,0.5676896312334501,0.4201710202647299988286283237,0.7401897622115497247276560853,1.0,1.0
corpora/clinical_pp/cl156_pp_wostw.txt,4,3,max_minus,u,15,30,50,0.25,0.5291474199011502,0.4814814814814814814814814813,0.7272727272727272727272727273,0.505050505050505050505050505,1,0.5291474199011502,0.4384053726914216547577212917,0.7401897622115497247276560853,1.0,1.0
corpora/clinical_pp/cl156_pp_wostw.txt,4,3,max_minus,u,15,30,50,0.5,0.5234799005027272,0.5286195286195286195286195287,0.7272727272727272727272727273,0.5286195286195286195286195287,1,0.5234799005027272,0.485689742688688454179844598,0.7401897622115497247276560853,1.0,1.0
corpora/clinical_pp/cl156_pp_wostw.txt,4,3,max_minus,u,15,30,50,0.75,0.5947225900726478,0.414141414141414141414141414,0.7272727272727272727272727273,0.414141414141414141414141414,1,0.5947225900726478,0.3666393346608878997305845147,0.7401897622115497247276560853,1.0,1.0
corpora/clinical_pp/cl156_pp_wostw.txt,4,3,max_minus,u,15,30,50,1,0.6075739766364784,0.3737373737373737373737373737,0.7272727272727272727272727273,0.3737373737373737373737373737,1,0.6075739766364784,0.3232985826402717582288860255,0.7401897622115497247276560853,1.0,1.0
corpora/clinical_pp/cl156_pp_wostw.txt,4,3,max_minus,u,15,30,100,0,0.5623964117788395,0.3973063973063973063973063973,0.7272727272727272727272727273,0.511784511784511784511784512,1,0.5623964117788395,0.3649603685916207879426808793,0.7401897622115497247276560853,1.0,1.0
corpora/clinical_pp/cl156_pp_wostw.txt,4,3,max_minus,u,15,30,100,0.25,0.5267678899230752,0.4747474747474747474747474747,0.7272727272727272727272727273,0.5117845117845117845117845117,1,0.5267678899230752,0.4332903830385381281480613797,0.7401897622115497247276560853,1.0,1.0
corpora/clinical_pp/cl156_pp_wostw.txt,4,3,max_minus,u,15,30,100,0.5,0.5682185701312797,0.4545454545454545454545454547,0.7272727272727272727272727273,0.4713804713804713804713804713,1,0.5682185701312797,0.406075514427394478934832689,0.7401897622115497247276560853,1.0,1.0
corpora/clinical_pp/cl156_pp_wostw.txt,4,3,max_minus,u,15,30,100,0.75,0.6114742792902162,0.367003367003367003367003367,0.7272727272727272727272727273,0.3838383838383838383838383837,1,0.6114742792902162,0.3253289602124087306235601890,0.7401897622115497247276560853,1.0,1.0
corpora/clinical_pp/cl156_pp_wostw.txt,4,3,max_minus,u,15,30,100,1,0.6575199355585398,0.2861952861952861952861952862,0.7272727272727272727272727273,0.3198653198653198653198653198,1,0.6575199355585398,0.2335715122408340166334778025,0.7401897622115497247276560853,1.0,1.0
corpora/clinical_pp/cl156_pp_wostw.txt,4,3,max_minus,u,15,30,200,0,0.5075495079538174,0.531986531986531986531986532,0.7272727272727272727272727273,0.7373737373737373737373737373,1,0.5075495079538174,0.508882901878099254226699465,0.7401897622115497247276560853,1.0,1.0
corpora/clinical_pp/cl156_pp_wostw.txt,4,3,max_minus,u,15,30,200,0.25,0.5408148848772726,0.434343434343434343434343434,0.7272727272727272727272727273,0.6094276094276094276094276093,1,0.5408148848772726,0.4213814376635039631408379213,0.7401897622115497247276560853,1.0,1.0
corpora/clinical_pp/cl156_pp_wostw.txt,4,3,max_minus,u,15,30,200,0.5,0.5208087561293108,0.4747474747474747474747474747,0.7272727272727272727272727273,0.579124579124579124579124579,1,0.5208087561293108,0.431455234079106633868259732,0.7401897622115497247276560853,1.0,1.0
corpora/clinical_pp/cl156_pp_wostw.txt,4,3,max_minus,u,15,30,200,0.75,0.5911355894311784,0.430976430976430976430976431,0.7272727272727272727272727273,0.430976430976430976430976431,1,0.5911355894311784,0.3849517785326617469056264887,0.7401897622115497247276560853,1.0,1.0
corpora/clinical_pp/cl156_pp_wostw.txt,4,3,max_minus,u,15,30,200,1,0.5867002636349624,0.393939393939393939393939394,0.7272727272727272727272727273,0.4107744107744107744107744107,1,0.5867002636349624,0.3376674085353949474835031823,0.7401897622115497247276560853,1.0,1.0
