token,lisa
abandon,0.00481357939184897
aberration,0.004620409562029481
ability,-0.007074933622380264
able,0.002251105453489881
abovementioned,0.007397005401352128
absence,0.007502823303421217
absolute,0.0803986366033283
absolutely,0.010285308447555937
abstraction,0.22604226148643886
abundance,-0.0008911252817416022
academy,0.028215856740462633
acceleration,0.13258726805001372
accept,-0.00694582293610367
accessible,0.018049027924843544
accomplish,0.0071313249348691375
accord,0.01931293420508191
accordance,0.006391942667390161
accordingly,-0.02221038531036396
account,0.0102824060356463
accurately,-0.001572173171628397
accustom,0.0027078726162304174
accustomed,0.024439738977983665
achieve,-0.006545231111806311
acquire,0.17706137022335838
acquires,-1.8595909769044328e-08
action,0.8746987870453864
activity,-2.4355158566769608e-05
actual,0.05861686479550958
acute,0.0037454247338975844
adapt,0.007893015953570085
add,0.023061297447961114
addition,0.004871298291131009
address,0.3250297778882591
adduce,0.004990674844203343
adjacent,0.022905962705712903
adjoin,0.014589853566898733
admirably,0.005232306839108105
admit,-0.007233718971358775
admittedly,0.020880385189428113
advance,0.006600606114689474
advocate,0.013542582421348578
aeterni,0.0086662911298614
affirmation,0.03181519475816746
afford,0.10076589931126537
affords,-0.0012657255499669154
age,0.017558373934530535
agitate,-0.002264801251640957
agree,-0.03003072645205678
agreement,0.019843435582305054
aim,0.2580129451477591
air,0.015978714420794578
allow,0.022962369062491758
almost,-0.0040828716195021285
alone,-0.02931000063674792
along,-0.0055296824556100846
alongside,0.2951703290052093
already,0.01876192600242033
also,0.06735321161593201
alters,0.0059043624343565314
although,0.03987402724819365
always,0.034329724031686146
ambiguity,-0.009805770459598165
amenable,0.011907700913373473
among,0.010442037194496845
analogous,0.19938624437155356
ancient,0.005510031123942831
another,0.2719616783465011
answer,0.12776930249830692
anxious,-0.013923943428605857
anything,0.009521060153636473
anywhere,0.1193065072693224
apparently,0.015661610929875548
appear,-0.044507260543089934
appertaining,-0.00552515490453791
apply,0.0533724258624723
approach,-0.016990276612548788
appropriate,0.022545821282997976
approximately,0.0576257907694495
approximates,-0.0010526599445851688
aptly,0.00800896917593058
arbitrarily,-0.0011138206935430645
argument,0.017352849536031226
around,0.04316035805643281
arrangement,-0.004344712095913548
arrive,-0.038766652530858654
ascribe,0.02190390673553753
ask,0.048278815166734164
aspect,-0.01764873956639006
assert,-0.007580153823635502
assertion,0.02715927320847757
assign,-0.03264895584474549
assigns,0.009695814004403095
associate,0.018518045845132114
assume,0.0541963738164214
assumption,0.02948081317173738
astronomer,0.002918828312174353
astronomical,-0.0034782104036765542
astronomy,0.0005052024738558526
asymmetry,0.023060833483375544
atom,-0.014618486739643777
attach,0.0003983478573547123
attain,0.010211937650300642
attempt,0.019199570647942713
attention,-0.012565334901669818
attraction,0.038114263817995736
average,0.014262260862387693
avoid,-0.012970258977054623
away,0.18915056627799295
axiom,0.43473608283229465
axiomatic,0.4067877631381107
axiomatics,0.11695159423430747
axioms,0.12096020709483035
back,-0.0014495313520268883
barrier,0.009477490582236172
base,0.00017790218982181773
bear,0.013245230213630953
bearer,0.020156559882615964
become,0.017455423932202688
behave,0.06999965271397166
behaviour,0.020141092711141017
behind,0.01487173010383964
believe,-0.004166242856620944
belong,-0.021735245591523424
berlin,0.0016243453132626009
beside,0.023416147184088826
besides,-0.0061791814062558915
better,0.008903619945521192
beyond,0.0015277834212221756
big,0.07094677022031445
bind,0.0033223154202170315
body,0.20218416233408348
boggles,0.0023591177308793926
book,0.02536928954654075
bound,0.33121774850725655
boundaries,0.019424800007396843
boundary,0.05382333903229304
branch,-0.010820879616550247
break,-0.013185214842962744
briefly,0.01721111575606996
bring,0.09618289933818717
brought,0.000249766241199251
calculate,0.015520701518842502
calculated,0.01287216358630859
call,0.2562994030996235
capable,-0.0016194314354035415
capitulate,0.32019136353821726
cardboard,0.09021281654461613
career,-0.001576900671834116
careful,-0.005410769862377457
carefully,-0.0011168567587759328
carry,0.22134523740761997
case,0.3972442399228724
causal,-0.012652403472022152
causally,0.008537483173100192
cause,-0.004838273920557017
century,0.010760098014135536
certain,0.08509898937099546
certainly,-0.02260079137363205
change,0.022483693242639276
character,0.021063081337296043
characterise,0.012186283050552957
characteristic,-0.03770134505206711
characterize,0.001842278199594558
charge,0.02247757848185513
chemical,-0.006433321831228067
choose,-0.002084223358482133
circle,0.09667795151273634
clarify,0.027344202791957727
class,-0.0005652923657301978
clear,-0.01774904415831844
clearness,0.012172106272930631
clock,-0.021645361653463088
close,0.009415648922665476
clumsy,0.014916668624024581
coincide,-0.002779351618816574
collaboration,0.01001852772259163
collapse,0.0013951267028175448
combination,-0.0009638483909720227
combustion,0.05510340657624278
come,0.28102101962265585
common,0.005173534017442221
communication,0.0856685598971137
compare,0.02018391442719593
comparison,-0.013571463919128748
compel,0.0015989621504431811
complete,0.008934159342390096
completely,0.012179824457963076
complicate,0.00398673898704032
compose,0.0017177567572598848
composed,-8.208969452306366e-05
composite,0.006574592244582224
comprehend,-0.004496648336016365
comprehension,0.0006671567116046953
comprise,-0.008894499930393915
conceivability,-0.011757330227206346
conceivable,-0.02068011201519747
conceive,-0.0015378061913894506
concentrate,-0.015045164788732983
concept,0.05741931805429509
conception,0.002190408048160138
conceptual,0.09431314780899516
conceptually,0.015198130379906565
concern,0.0010004459067194697
concerned,0.01966236729331522
conclusion,0.029381685806061292
conclusive,0.002295931848476918
condensation,0.00529857491350521
condition,0.022517218315739804
confer,-0.014848454453972742
confidence,-0.006933492273864484
configuration,0.12151685072806448
configurative,0.005528927649856718
confine,0.005177112744404046
confirm,0.02386383178417611
conflict,0.025830885978043963
conformation,-0.011140643735428921
confront,-0.004059592503116677
connect,0.1262530932423283
connection,0.0002481168222485783
conscious,0.02690741806178803
consequence,0.08799075845938772
consequently,-0.0014187444834771626
consider,-0.00041935292791471165
consideration,0.1613202426495185
consist,0.0403185745982178
constant,-0.01219199966845659
constantly,0.010551983306797998
constitute,0.01683008686442359
constitution,0.01262981352487754
construction,0.2762461249713328
contact,0.15961085596752567
contain,-0.0029942188462448427
contains,-0.015330603503949956
contemplate,-0.0018103804730938762
contemporary,0.007426407396722377
content,0.06002020809717763
continuum,0.0680838714347583
contraction,0.007059526869194828
contradiction,0.010260012350994871
contradictory,0.00748538137897278
contrast,-0.0164379134476305
control,0.0033866413004572165
convention,0.010453201384790708
conventional,-0.0008772194824249743
conversely,-0.003923934227138742
convey,0.008914543267561
conviction,0.015742129601739038
convince,0.010036376446630227
convinced,0.016423745975910904
coordinate,0.0053126495748921625
coordination,0.0034514981127856106
corporeal,0.010733395500518042
correspond,-0.015289412225097053
correspondence,0.0038380278142820185
cosmic,0.06377013597987782
could,0.08898406547624452
course,0.0115833263918522
covariant,0.023792974283227384
creation,0.006901880833880428
creature,0.02280345183361131
cry,0.012342856392881357
cube,0.05586258771681968
customary,0.0028055787692508076
daily,0.03422898524370024
danger,0.024088766314082643
debatable,0.010252196268888744
decide,0.024063712505174452
decidedly,-0.006097011393047122
decisive,-0.0034826503603698797
deduce,0.00239800807485143
defect,0.00639699816637953
define,0.056706336998230356
definite,-0.004430523776733162
definitely,-0.01949845462639597
definition,0.03878218375091424
deformation,0.012553372005735733
deliver,0.2871425419993659
demonstrates,0.0005898172452038758
denote,0.015369384971335144
density,0.18749291905127238
deny,0.021278235801387255
depart,0.05339385466439319
department,0.01814010644204293
departs,-0.013707329942770937
departure,-0.014757651079886549
depend,-0.0020868796458374536
depress,0.008126588450903374
deprive,-0.009126121931908813
depth,0.23062056973881243
derive,0.23174130936675552
describe,0.04758098437584715
desire,0.02762430651324237
destroyed,-0.014955883859957667
detect,0.05619569433097569
determine,0.00765699607342785
determined,0.0006561627052234844
determines,0.014611661881207471
development,0.034854986066436805
deviation,0.09950103758407537
devoid,-0.002014119351941114
devote,0.17370652079267465
diametrically,0.010156713910315574
differ,0.006717395749562505
difference,0.005627403569968078
different,0.004436046668821411
differential,0.012242070869980467
differing,0.00623977259094394
differs,0.013911446163864112
difficult,0.2215284110908426
difficulty,0.1974189991192367
dimension,0.18508815888154684
diminish,0.0015492836124624454
direction,-0.011958834856788988
directly,-0.00020869997663779677
disc,1.9331276938703876
discomfort,0.029606028263539877
discover,0.005702032385486894
discs,0.1928863572917236
dispels,0.005664352641546064
dispose,-0.0021997298628301967
disposition,-0.09376995575917622
disregarding,0.0002903075918810185
distance,0.513353755419679
distant,0.028931405464020593
distinguish,0.012916115765595591
distribute,0.007351621132951
distribution,0.029435167690971945
doctrine,0.0060828693001229684
domain,-0.004964842717212445
downright,-0.013694697996792087
draw,0.015386410143195394
dualism,0.02036388592840351
dynamic,-0.004835469188580373
e,0.6187727056657247
earth,-0.022161192642924078
easily,-0.008805553650025093
edifice,0.00797707063902292
effect,0.1302997594888388
effort,0.03884814457246449
eg,0.0754640341928002
either,0.0052506468626982205
elaborate,0.013306195087988196
elastic,0.016780243283763
electric,0.061863530838238576
electrical,0.0390930380964751
electricity,0.06952058379700513
electrodynamical,0.02078066725198621
electromagnetic,0.9868178767016302
element,0.017941463545590546
elementary,-0.024494716449061083
elliptical,0.28654278745080564
else,-0.008868325142885096
employ,0.010658034188652589
empty,-0.037439293323284405
enable,-0.005974301549507824
enclose,0.012918806755226504
endeavour,0.005923474447261843
endow,0.009484308026882472
endures,0.018885428604175757
energy,0.05753582195995827
enigma,0.014802069065915075
enjoy,0.01488006967480561
enormously,0.019323733985253423
enough,0.004028351052258549
enter,0.0002233510570181066
entertain,-0.014857735471037772
entirely,-0.002417645893261452
entity,0.036364222309977656
environment,0.11422292124052999
envisage,-0.009441244773643923
envisaged,0.015182564275459741
envy,0.009258348530446983
epistemological,-0.020009568641405007
epistemologically,0.007323965735388
epistemology,0.05495989698266458
epoch,0.005870476480188877
equal,0.03193343513105188
equation,0.1718083600768696
equivalence,0.052437724086844426
equivalent,0.0034541913142977845
escape,-0.0006352086368543418
especially,0.005905868995143193
essence,-0.008025960693399834
essential,-0.006941151125846113
essentially,0.007508780026279338
establish,-0.011058142792046158
esteem,0.021320884126313243
estimate,0.0413945985709779
etc,0.04447866960974753
ether,2.492764033464272
euclid,0.0030380212253009456
euclidean,0.8781694733125387
even,0.05708202115628277
event,-0.006255031217962807
ever,0.08108069223445988
every,5.977625287284863e-05
everyday,0.33850515005284926
everywhere,-0.03432020365051494
evident,0.016971649536759538
evidently,-0.015369744343365042
evoke,0.020520852932602147
exact,0.029221133016582863
exactitude,0.010753390949038783
exactly,0.05704604134033548
examination,0.01566403180722193
examine,0.0071245064250255695
example,-0.03423790173694957
exceedingly,-0.012918051495840483
except,-0.003393387061202577
exclusively,0.0035396678028416935
exist,-0.0015360772916983567
existence,0.24420099890850952
expand,-0.003512505924005294
experience,0.3534039839144792
experiment,0.08397581816083785
experimental,0.0005717332445880265
explanation,0.18374177010170895
expound,-0.0021894128947321538
express,0.013456802668544082
expression,0.02211928650178415
extend,-0.002923032351041367
extended,-0.002920402018705075
extent,0.05099250622507385
external,0.002055157536392504
extraneous,0.017682883173494448
extraordinary,0.00651192682041679
extrapolation,0.016232114712737535
extremely,0.015056716760048034
face,-0.013925279942269867
facility,0.006015304963023248
fact,0.007959850776244764
factitious,0.0038803712331315853
faculty,0.318867465126547
fade,-0.013500228196020514
fail,-0.00053930044792087
far,0.014911914862492767
faraday,0.019586332602980074
farreaching,0.0009992328260069998
fathom,0.010388794653558464
favour,0.012009772325443948
feel,8.935774907564524e-05
felt,0.009837745331281315
field,1.2597987024195865
figure,0.21087658970425005
fill,0.05567075685216004
finally,-0.017962622893217334
find,0.09674771545077983
finish,0.05389486865118661
finite,0.2807052741121124
first,0.11919108544256932
fizeau,0.0178139712448144
flame,0.06626707645002744
float,0.03923263032628765
fluid,0.05570956533067248
follow,0.02015492974326162
follower,0.033615136901545356
following,-0.007423983227811561
forbids,-0.0008334422926948162
force,0.24502866765705034
form,0.01165399072793363
formal,0.037570943650154814
formally,-0.015160262827539947
former,-0.016195064524173842
formerly,-0.011717995496079487
formulate,0.03393775424097075
forth,0.0029315667358553797
forthwith,-0.004779751428862793
forward,0.009257583501900379
found,-0.004186623598742231
foundation,0.0062886226949423
framework,0.017612213282564328
free,0.0007525668229345917
freely,-0.004013119976322715
frequency,0.00554853813026252
fresh,0.007825505863317829
fresnel,-0.008783076945431565
full,0.008638416200023905
function,0.020016498978241648
fundamental,0.05554381025430902
fundamentally,0.004059940510398542
furnish,-0.024304570529780252
future,-0.0009572649259327014
g,0.09010509716191564
gain,0.004404290359890144
general,0.11877328603821277
generalisation,-0.010476119162425059
generalise,-0.010854245960594498
generally,0.01144891941228748
geodetic,0.008642485455611328
geometrical,0.06769125728488866
geometry,2.6929266528666
give,0.34833041504232776
globe,0.4534063144123805
gmn,0.00047625641244422893
go,0.09013090030869866
good,0.0040846520589372815
gradually,0.03600740139621185
grant,-0.0035990603963915136
gravitate,0.014001841427987778
gravitation,0.05851671042053465
gravitational,0.5194944464860303
gravity,0.009453523508195073
great,0.11490642894914624
ground,-0.003931618912976644
grow,0.046700089925145856
growth,0.12438948163291223
guard,-0.0005734926088622263
h,0.016790391770960762
half,0.008304471420831344
halt,0.014200036049353661
hand,-0.03266342036533865
happening,-0.014462668924559314
hardly,-0.012021223864844147
harmonize,-0.014593006577616018
harmony,-0.004190407015435707
hasty,0.00802063757069803
heat,0.07562177899095357
heinrich,0.01324561154747661
help,-0.030713071590867086
hertz,0.11932644374893865
high,0.005170225610825691
hold,-0.008937453592924175
home,0.011699448738192461
homogeneous,0.12465587800189096
hope,-0.00260196182977378
hover,0.00990743852434619
however,0.028248493480281675
human,0.30718253641935267
hypothesis,0.11221023885661549
idea,0.6471478165761986
ideal,0.005924456233113641
idiom,-0.0022142532354473133
ie,-0.0045667829089965604
illusory,0.008579033981095743
illustrate,0.008361045447196222
image,0.018934534183647298
imaginable,-0.006179407070485539
imaginary,0.22975248417968216
imagination,0.021780364855003738
imagine,0.010466344199860506
imagined,-0.009484337259632295
immediate,0.15260034063372882
immediately,-0.0037013370370779617
immobility,0.026941158068069414
impact,0.09562285810252164
impart,0.20434123701318987
impel,-0.010051690835129148
imperceptibly,-0.0016273170620344855
implicit,0.03627960322507821
importance,0.04469405012343737
important,-0.011878479798646297
impossibility,-0.01612223342119893
impossible,0.0041047632445941305
impression,0.006258822179881696
impulse,-0.010093159109691928
inacceptable,0.003651538511032691
incapable,-0.0016176834800085307
incorrect,0.0029991084193965387
increase,0.13346128305125027
indeed,-0.007608271167560969
indefinitely,0.011760599865703082
independent,0.04915251388177968
indicate,-0.006865386501273856
indignantly,-0.015793816809624255
indirectly,0.005971616151995
indisputable,0.025092340825044135
indistinguishable,-0.0010382533562508197
induce,0.05718665970757471
induction,0.00161572665247091
inert,0.018392269105457503
inertia,0.053449512075932765
inertial,0.01895322021593104
infer,-0.007990255706308144
inference,0.069202655604022
infinite,0.25793719471139753
infinitely,0.008411547550377658
infinity,0.12430777240605492
influenced,0.025847016226514655
ingenious,-0.007428799407305803
initiated,-0.01265549724199644
innumerable,0.010879116783275982
inquire,0.02102390551117423
inseparably,0.016965330051232002
inspection,-0.0006994699659317941
instance,0.003986906296981289
instead,-0.004997651054897905
insupportable,0.007521829856438607
intelligible,0.1178961494899199
intensity,0.00038481286221201495
interior,-0.001494889453337412
interpret,0.04190217954144446
interpretation,0.07985378929742237
interruption,-0.017007012504004708
interval,0.009924117264090301
intolerable,-0.012458384075174994
intuition,0.11849556531294313
intuitive,0.05292577724962548
investigation,0.01052375704268588
investigator,0.008072392101002284
irreducible,-0.0013698440345587628
irregular,-0.0013805028042652345
isolation,0.0002744343950611868
isotropic,0.04805174883674998
january,0.016484368154271102
journey,0.011225355364026185
justification,0.028208249231918652
justify,0.000770793171899179
k,0.7611413023824659
kind,0.20031771575902246
kinematical,0.0198400591869664
kinematics,0.018829681243306227
kinetic,0.02232717924581607
know,0.18413139878200768
knowledge,0.23289469126033374
l,0.7803695495064605
language,-0.007643802539133116
large,0.013670074770999883
last,-0.008732178720509378
late,-0.008251481594060943
latent,0.012749623430812665
later,-0.0036298023256634946
latter,0.0015812872759146436
law,0.08997791532125941
lay,0.07437311139189516
lead,0.1866431724331408
leaf,-0.01835603525970554
learn,0.012727629164439095
least,0.0035697948730274765
leave,0.0028744409619472066
less,-0.003318394926139104
let,0.2977436709707626
leyden,0.3274350364441772
lie,0.03159496830708772
life,0.2899821481284771
light,0.1896450469314782
lightwaves,0.002294855862091153
like,0.01391975411192532
limit,0.0003979079974214141
line,0.038493749041908415
linear,0.010184779697501912
link,0.0014462044611749736
little,0.1769277941752044
lively,0.02842060227230142
local,0.011237307163113806
logic,0.0359722670801767
logical,0.11331148959780074
long,0.0033771458183123847
longer,-0.0011420606283604597
longrun,0.008965632124821812
look,-0.008259616748247788
lorentz,0.2398960147195778
lorentzian,0.14323433662834462
lose,0.009427734440689345
luminiferous,0.11624621406236867
luminous,0.05175317760077559
mach,0.06797200594062201
machs,0.003302894983541883
magnetic,0.020485818471872433
magnitude,0.1551480666414118
maintain,0.0036538344967576215
make,0.023128840488779934
man,0.013724139326129838
manifest,0.008836820582555261
manner,0.2332057584256412
many,0.003194980987411943
mark,0.0028712977826831168
mass,0.12240358388712412
material,0.014330862007335868
mathematical,0.022679872412393602
mathematician,0.042209040570410486
mathematics,0.7313793685301734
matter,0.7293687053874144
maximally,0.013146858213099978
maxwell,0.11741290913557355
may,0.6068309771223662
mean,0.4255711867613385
meaning,-0.009363471342573445
meant,-0.01672375691393018
measure,0.05668054658852869
measurement,0.10796287241771356
mechanic,0.18203787205099461
mechanical,0.6811770123002114
medium,0.05787964676184209
meet,0.01973816986628756
mensuration,0.01299445544500753
mental,0.18440919299180208
mention,0.0031293706175445947
mercury,0.005669319292808892
mere,0.0034695426460276293
merely,0.03197143098381175
method,-0.010514012183887532
metrical,-0.006306150138567614
might,0.018480926918011616
milky,0.05027267520419701
mind,0.06955339907382901
minkowski,-0.0068922427229254
model,0.03373613397490376
modern,0.02979248516567897
molecular,0.0024604931178124722
molecule,-0.008147327982931593
moment,0.0004280956758950426
moreover,-0.043943061334997945
mostly,0.017737766410057393
motif,-0.014378054918615322
motion,0.1263517414330739
movable,0.0028365510809298666
move,0.3315704937107723
movement,0.08771344591088459
much,0.006335237009704924
multiplicity,0.0003039000467095933
must,0.017170269001975713
mutual,0.11559624972075946
mystic,0.008010910797994524
n,0.1351105305867224
name,0.019008509565364578
namely,0.02512988176028218
natural,0.1416739628365227
nature,0.04438147803489824
near,0.010821510637382792
neatly,-0.006831150468319955
necessary,0.00674705113601044
necessity,-0.0035453507141623595
need,0.024833407013343443
negative,0.010318803509590021
neighbouring,-0.00032363871622747973
neither,-0.017405081382271193
never,0.05262491120904825
nevertheless,0.009231637035482524
new,-0.016619971896337217
newly,0.0078009279306768
newton,0.046548955785654385
newtonian,-0.015355458491274239
next,-0.0076643848927964
nexus,0.007088312680514842
nineteenth,0.017112838403302646
nobody,0.012861170958629167
nominalistic,0.05352298115912015
noneuclidean,0.2716241709174738
nonsense,-0.003151416721809999
nothing,0.15084005899790873
novel,0.0033438292652604677
number,0.1700634592414957
object,0.17676748511055576
objected,0.0024910553254893497
objection,0.044023084252832266
objective,0.007707348307333184
oblige,-0.014310421742498794
obscurity,-0.004380939282021748
observable,0.019237973684600868
observation,-0.008821696429724026
observe,0.04903696124383303
occasion,0.015550929214917134
occupy,0.008083100569962887
occur,0.0019549073382120856
offer,-0.00938664836014619
old,0.008024109667048092
one,0.1293757303758607
onto,0.04825117670857057
open,-0.015187452014770642
opinion,0.032978862387319355
oppose,-0.03337628400766699
opposite,0.023051045329485466
oras,-0.0009347021634241442
order,0.03448625216179116
ordinary,-0.004504901638860731
original,-0.0019279184971207107
otherwise,-0.00019804696313918904
ought,0.00798262372207298
outcome,0.0035871864456225185
outset,-0.02383943538397578
outside,0.1218256471944952
outwards,0.042445087881275906
overlap,0.011732114945147004
overthrow,0.00909218563217881
owe,0.009359778081744773
p,0.12606716223141387
pack,0.02487291242092778
paper,0.08395906545680902
pardon,0.029522346654510773
part,0.06600779764596286
particle,0.13722532551692435
particularly,0.009915839415436764
partly,-0.003240646717449646
pas,0.003476183616304192
pass,-0.004095790170420992
patent,0.0038293148719004445
path,-0.012988550150991984
patient,-0.006942984571286635
peculiar,0.014867656180071973
peep,0.007040197507635508
perceptible,0.004063062568344654
perception,0.006052588432753449
perceptual,0.027799605011080676
perhaps,-0.016086765944960103
permanently,0.010030459117365064
permeate,0.01886393247390942
person,0.006216129249553909
phenomenon,0.19000823597370026
philosopher,0.04847867282719734
physic,0.2525118590077688
physical,0.13815577235515078
physically,-0.007329735027974699
physicist,0.2797347302175532
picture,0.1944706029868832
place,0.02630847324524604
plane,1.9610381397008934
planet,0.025706084324916667
play,0.015369832261553954
playful,-0.01979065339637232
please,0.037255705566706
poincare,0.00765080930694133
point,0.3494292138770811
polarisation,0.004961471694523055
ponderable,0.23799518580084716
position,-0.011520413513363074
positive,0.002223345088699463
possess,0.009075028285550676
possibility,0.06329231029279479
possible,0.1001068120705136
possibly,-0.005727237994611623
postulate,0.019832218138640646
potential,0.03923328449487896
practicable,0.010227597941758385
practical,0.18197865064792904
practice,0.15234588342277272
precedes,0.019813352178589472
predicate,0.08091598424879089
prefer,0.005783700225414324
pregnant,-0.0029706988665874137
presence,-0.00392140070642547
present,0.09759436235422506
presentation,0.003625739571262032
preserve,0.011968591998356504
pressure,0.020736071803373862
presuppose,0.019953737117846836
previously,0.00954389062594684
primarily,0.00013363363348475827
principle,0.08193121093216296
priori,0.04394111951363392
privilege,-0.015549892346624931
probable,-0.007502784113459202
probably,0.22105423501893476
problematical,0.0044222093754971
proceeding,0.009203283506797123
process,0.012941555256737014
produce,0.004737275232608403
product,-0.0018441472732720072
prof,-0.011870739068874843
profound,0.005153394385310181
programme,0.010424901166012912
progress,0.007441948166589298
project,0.01220166725083906
promise,-0.03364856856562774
proof,0.004278670801353863
propagate,-0.0002042900991145898
propagation,0.007097012270269828
proper,0.009959704987938143
properly,0.0025137630327114746
property,0.1865951281867544
proportion,0.027258647620110238
propose,0.01609987799788244
proposition,0.03700350288370669
prove,0.03280342514370567
provide,0.004872820627381278
proximity,0.007241962371523691
prussian,0.005124337242875311
pull,0.09074935939619706
purely,0.07770808330359759
purge,-0.016653120861763137
purport,0.002908297241225531
purpose,-0.0035401881060086477
push,0.09438610951349845
put,0.006750537834214619
quality,-0.025782952038122364
quantity,-0.002433345008556056
quantum,0.015585243516098758
question,0.2831419256632805
quite,0.009584371263361185
radiation,0.022197002550578146
radical,0.00632857792920988
radius,0.15723937204527105
rapid,0.02123179156010381
rate,0.013161960947126267
rather,0.012985350787989937
ratio,0.016790355947918563
ray,-0.0068426785460874535
reach,-0.010720108992768873
reaction,-0.006935755088453701
reader,-0.00583520494430838
readily,0.01249018752844501
real,0.17314297117408403
realise,0.009347774299189236
reality,0.13346805990514377
really,0.033453286980659525
reason,0.08233457278414151
recapitulate,-0.00120040080171039
reciprocal,-0.0014101593141494762
recognition,-0.0076988230851835395
reduce,0.04300949671983931
reducible,-0.01687818877000645
reduction,0.013462452126046753
refer,0.0034021260165247643
reference,0.010719682316863169
reflection,0.008899268086682779
regard,0.01445335568639257
reject,0.0012389309265555851
relate,-0.005854060402026642
relation,0.12440188120345172
relative,0.08989474674025205
relatively,0.036154048151641555
relativistic,0.040486183637753304
relativity,0.8376265333593365
relevant,0.023059470560715067
reluctance,0.016395496654237816
remainder,-0.008877610986326672
remark,0.01734356798449333
remarkable,-0.012221179893428762
represent,0.2352046314813792
representation,0.045029743067282094
repute,0.023539074548891648
require,-0.010228207502154505
requirement,-0.011129412213388016
resistance,-0.0016760856901092656
respect,0.07365151819705104
rest,-0.019589880292130074
result,-0.011167605589190882
retain,0.015770162517505622
reveal,-0.003670172283263438
reverse,0.020947221145257728
revert,0.13161597667637082
riemann,-0.021856351694406743
right,0.007041544191970249
rigid,0.41407705015817386
rigidity,0.0009865329672419083
rise,0.19610849116911203
road,0.006259964398935494
rod,-0.015014159811859478
room,0.1725736450221014
rotate,-0.003948029780424944
rotation,0.06972637394397467
rule,0.018975954787268694
satisfactory,0.011067871377374899
satisfied,0.020815981235981867
satisfies,0.008812680374188048
say,0.1335457927342381
scalar,0.017233148343145252
scatter,-0.002315786839746525
scene,-0.007573514250037603
schema,0.05252991016237556
schematic,-0.01907722293864041
scheme,0.005907509747875883
schlick,-0.0002571496659862199
science,0.2650444945785296
seat,-0.011318143210456093
second,-0.0016246930946039713
secondarily,-0.006592485605234369
security,0.02767288061583143
see,0.0009306520303443248
seek,0.18750495678186255
seem,0.16454992386331227
select,0.0019304004241543185
sense,0.2298529568330677
sensory,-0.0026414375144355163
separate,0.04538982983369412
separately,0.0020268723507743556
serve,-0.014632258564910869
set,0.18843644599784776
shadow,0.7615634366718455
shaken,0.015695390996044285
shall,0.09272473356946379
shape,-0.007640999430830048
share,-0.014752284243245782
sharp,-0.012537389438997716
show,0.3598463421951612
side,0.12038900335165341
sidelight,0.371795953951858
sign,0.010326759619197554
significance,0.021181393336031234
similarity,0.00012413553400637212
simple,0.010699238249593204
simplicity,0.020383033657711498
simplification,-0.0042437143079105
simply,-0.013967370056770002
since,0.003211577569415326
situation,0.001411523751130624
six,0.08044154243735446
size,0.17008196562076375
sizes,-0.0072380262775376064
small,0.07986194221762326
solid,-0.006439978237472855
somebody,0.0183050124907191
something,0.10048492228836113
somewhat,-0.03193995190852156
soon,0.00885836694378371
source,0.00981356369861462
space,0.8638281875994032
spacetime,0.08264412873351151
spatial,0.029858435145546706
spatially,0.07412325727710721
speak,0.007865725371300297
special,0.2529915881694103
specie,0.008878771866833501
spectral,-0.009854174903403514
speculate,0.010757652588109507
spell,0.00865878946934861
sphere,0.8937055344101683
spheres,0.19447059556843027
spherical,1.803149669284641
spirit,-0.004810981431496984
spite,0.011611053680712876
spring,0.002814287552543284
square,0.18995200721604433
stage,0.001688232729360705
stand,-0.018268079907372073
standard,0.06372423477695428
standpoint,0.028173337948402377
star,0.16238894425658676
state,0.1695889411276101
statement,-0.004605409889229288
stationary,0.0037696884456776105
statistical,0.006306653780843199
status,0.015297326564316927
step,-0.0064505778918800254
steppingstone,-0.021957113343729677
steppingstones,0.12661871169252548
stick,0.03339390181038415
still,0.02199718981727209
straight,-0.03374192532119691
stress,0.012494366775686536
strict,0.0019256743677512438
stride,0.021949346703280435
strip,-0.023986133460940924
strong,0.024940075560832706
structure,0.0361008079891902
sub,-0.000987760913706205
subject,0.12754195933082887
subjectmatter,0.024856325065865107
submolecular,0.0019801768486597264
subsist,0.009005996796918745
subsists,0.011901493844355475
substance,0.00619650134827573
substitute,-0.003892931660673396
succeed,-0.013982520357119698
success,-0.010622973352663812
suffer,0.010536564665282702
sufficiently,9.290191645548642e-05
suggest,-0.0001491106343300668
sum,0.0019311910573649481
superfluous,0.010647004093336413
supply,0.003166444719761403
support,0.024517033963528972
suppose,0.02002395029676482
sure,-0.00250210931638205
surface,1.739125371973028
surmount,0.004769871374682933
surprise,0.016003676369106958
surround,0.010486106796598886
symbol,0.005976735896995566
system,0.09509056693308895
take,-0.06477585511824621
tangible,0.000644479528341348
task,-0.0048013101212293074
teach,-0.024552905732349452
temperature,-0.03299462010843712
tempt,-0.005005206746686664
ten,-0.01948639425957007
territory,-0.00048034472601259543
th,0.2865725043859732
thence,0.018411415479407212
theoretical,0.11556949322288135
theoretician,0.006861462465103973
theory,0.7995985151720538
therefore,-0.051505532059402004
therefrom,-0.007862268675317098
therewith,0.005729822861686363
thing,0.01675012287359278
think,0.10233399110641764
thinker,0.000555237163472934
thirst,0.008442255645597578
though,0.0015151314324545336
thought,0.0020602657930466617
three,0.024105887296802533
threedimensional,0.17161670230638337
throughout,0.017507180054935078
throw,0.034097913603734126
thus,-0.006777968106418896
time,0.11876721883987391
today,0.26864621818330664
together,0.006340187239740892
total,0.05980030806593512
totality,-0.00170596996962873
touch,0.1237806301276023
toward,0.0075792147787902345
towards,0.07954272248021396
track,0.029560352329480472
tracked,0.009040892572510157
tract,0.2558949179892524
transfer,0.005331010725320656
transformable,-0.014966511708190267
transition,0.0027862621087562972
translation,-0.00014332560187685077
transmute,0.0029824066246910853
transverse,0.006244932667602408
treat,-0.010595783933242597
true,0.0494400992531161
truth,0.008949568013761764
try,0.14335721475894914
turn,-0.005854315075574643
two,0.2904349751478168
type,-0.02124098713342826
u,0.5272999658305046
ultimate,-0.010343305899872136
ultimately,-0.00610305878622754
unable,-0.017600698434551424
unbounded,0.02913125137192098
unconditionally,0.004583072385719111
understood,-0.0019827759678315688
undulatory,0.1832897601156813
unexpected,0.004576778024057514
unified,0.021613545136771654
uniform,-0.0014391547376843526
uniformly,0.002442850870525914
uninfluenced,-0.0026403887879946925
uninterrupted,0.017401045119993783
unity,0.015878827650166787
universal,0.006136873111865145
universe,0.24330655937949563
university,0.3171749348435246
unthinkable,0.016946334750342663
upon,0.01476705628709504
upwards,0.05112487501468037
use,0.13046412813707278
usual,-0.003114838630726719
vacuo,0.00488669051595163
valid,0.01233003292711322
validity,0.0230384113378427
value,0.016160267163334983
vanishes,0.006443564664663303
variability,0.008900317752219028
variable,-0.036634105167190685
variance,-0.00020229641635156106
varies,0.003356302662031875
velocity,0.16815815502817227
venture,-0.004019380639760129
vibratory,0.010737682611229463
view,-0.04139717203442263
vigour,0.21133946255968206
visible,0.002063952397629281
visualisation,0.49036728713924116
visualise,0.014064538095582413
vivid,-0.001086707378031551
void,-0.00925337591132173
volume,-0.01079680920300761
want,0.03964629820172427
warrant,0.01294666412043267
water,0.12910238200327315
wave,0.04711959882185281
way,0.1875733184024354
weight,0.03993948707846439
weighty,-0.004580040677581183
well,-0.00036747683584833005
weyl,-0.0006982493515998375
whatever,0.038594054302169334
whereas,0.004099896191021997
whether,0.05044070789131663
whole,-0.02194482845954537
widely,0.002158387558249073
wish,0.06615610783237164
within,0.0010255439175325775
without,0.2556285495440706
wonderful,-0.012606112185172427
wooden,0.006675966125421335
word,0.09981025150420651
world,-0.016155858267508132
would,0.33664693845567406
yes,0.024999127819065495
yet,0.04005659053186167
zero,0.02956326930461254
