input_file,label_ratio,sim_tag,n_groups,n_tests,dist_option,exch_mat_opt,exch_range,alpha,beta,kappa,mean_nmi,mean_pk,mean_rdm_pk,mean_wd,mean_rdm_wd
corpora/manifesto_pp/61320_201211_pp_wostw.txt,0,w2v,7,3,max_minus,u,5,1,5,0,0.0,0.3922193877551020408163265307,0.6077806122448979591836734693,0.3922193877551020408163265307,1
corpora/manifesto_pp/61320_201211_pp_wostw.txt,0,w2v,7,3,max_minus,u,5,1,5,0.25,0.0,0.3922193877551020408163265307,0.6077806122448979591836734693,0.3922193877551020408163265307,1
corpora/manifesto_pp/61320_201211_pp_wostw.txt,0,w2v,7,3,max_minus,u,5,1,5,0.5,0.0,0.3922193877551020408163265307,0.6077806122448979591836734693,0.3922193877551020408163265307,1
corpora/manifesto_pp/61320_201211_pp_wostw.txt,0,w2v,7,3,max_minus,u,5,1,5,0.75,0.004205155473296849,0.4170445956160241874527588813,0.6077806122448979591836734693,0.427177815570672713529856387,1
corpora/manifesto_pp/61320_201211_pp_wostw.txt,0,w2v,7,3,max_minus,u,5,1,5,1,0.01405399575590136,0.5174555933484504913076341647,0.6077806122448979591836734693,0.5889077853363567649281934997,1
corpora/manifesto_pp/61320_201211_pp_wostw.txt,0,w2v,7,3,max_minus,u,5,1,10,0,0.0,0.3922193877551020408163265307,0.6077806122448979591836734693,0.3922193877551020408163265307,1
corpora/manifesto_pp/61320_201211_pp_wostw.txt,0,w2v,7,3,max_minus,u,5,1,10,0.25,0.0,0.3922193877551020408163265307,0.6077806122448979591836734693,0.3922193877551020408163265307,1
corpora/manifesto_pp/61320_201211_pp_wostw.txt,0,w2v,7,3,max_minus,u,5,1,10,0.5,0.0,0.3922193877551020408163265307,0.6077806122448979591836734693,0.3922193877551020408163265307,1
corpora/manifesto_pp/61320_201211_pp_wostw.txt,0,w2v,7,3,max_minus,u,5,1,10,0.75,0.005362301259975143,0.4195956160241874527588813303,0.6077806122448979591836734693,0.431027966742252456538170824,1
corpora/manifesto_pp/61320_201211_pp_wostw.txt,0,w2v,7,3,max_minus,u,5,1,10,1,0.015338464184909492,0.5158966364323507180650037793,0.6077806122448979591836734693,0.5892384731670445956160241873,1
corpora/manifesto_pp/61320_201211_pp_wostw.txt,0,w2v,7,3,max_minus,u,5,1,50,0,0.0076331146978885584,0.607190098261526832955404384,0.6077806122448979591836734693,0.9981575963718820861678004533,1
corpora/manifesto_pp/61320_201211_pp_wostw.txt,0,w2v,7,3,max_minus,u,5,1,50,0.25,0.008601250872129217,0.6068830309901738473167044593,0.6077806122448979591836734693,0.9974726001511715797430083147,1
corpora/manifesto_pp/61320_201211_pp_wostw.txt,0,w2v,7,3,max_minus,u,5,1,50,0.5,0.006365067626711614,0.607638888888888888888888889,0.6077806122448979591836734693,0.994897959183673469387755102,1
corpora/manifesto_pp/61320_201211_pp_wostw.txt,0,w2v,7,3,max_minus,u,5,1,50,0.75,0.009047576799359858,0.6067649281934996220710506423,0.6077806122448979591836734693,0.990882464096749811035525321,1
corpora/manifesto_pp/61320_201211_pp_wostw.txt,0,w2v,7,3,max_minus,u,5,1,50,1,0.024079312379581472,0.6028439153439153439153439153,0.6077806122448979591836734693,0.9751039304610733182161753593,1
corpora/manifesto_pp/61320_201211_pp_wostw.txt,0,w2v,7,3,max_minus,u,5,1,100,0,0.017590502241930008,0.6077333711262282690854119423,0.6077806122448979591836734693,0.999763794406651549508692366,1
corpora/manifesto_pp/61320_201211_pp_wostw.txt,0,w2v,7,3,max_minus,u,5,1,100,0.25,0.020285096618586396,0.607709750566893424036281179,0.6077806122448979591836734693,0.999645691609977324263038549,1
corpora/manifesto_pp/61320_201211_pp_wostw.txt,0,w2v,7,3,max_minus,u,5,1,100,0.5,0.0193328296503025,0.6078278533635676492819349963,0.6077806122448979591836734693,0.9993858654572940287226001513,1
corpora/manifesto_pp/61320_201211_pp_wostw.txt,0,w2v,7,3,max_minus,u,5,1,100,0.75,0.01866966948589992,0.6078987150415721844293272867,0.6077806122448979591836734693,0.9992441421012849584278155707,1
corpora/manifesto_pp/61320_201211_pp_wostw.txt,0,w2v,7,3,max_minus,u,5,1,100,1,0.03184101131705692,0.6036470143613000755857898713,0.6077806122448979591836734693,0.9844340513983371126228269083,1
corpora/manifesto_pp/61320_201211_pp_wostw.txt,0,w2v,7,3,max_minus,u,5,1,200,0,0.019264257890686903,0.6077806122448979591836734693,0.6077806122448979591836734693,1,1
corpora/manifesto_pp/61320_201211_pp_wostw.txt,0,w2v,7,3,max_minus,u,5,1,200,0.25,0.01926593654695204,0.6077806122448979591836734693,0.6077806122448979591836734693,1,1
corpora/manifesto_pp/61320_201211_pp_wostw.txt,0,w2v,7,3,max_minus,u,5,1,200,0.5,0.019458748507903235,0.6077806122448979591836734693,0.6077806122448979591836734693,1,1
corpora/manifesto_pp/61320_201211_pp_wostw.txt,0,w2v,7,3,max_minus,u,5,1,200,0.75,0.019552745235158712,0.6077806122448979591836734693,0.6077806122448979591836734693,0.999929138321995464852607710,1
corpora/manifesto_pp/61320_201211_pp_wostw.txt,0,w2v,7,3,max_minus,u,5,1,200,1,0.016502327333240484,0.6077333711262282690854119423,0.6077806122448979591836734693,0.999598450491307634164777022,1
corpora/manifesto_pp/61320_201211_pp_wostw.txt,0,w2v,7,3,max_minus,u,5,2,5,0,0.0,0.3922193877551020408163265307,0.6077806122448979591836734693,0.3922193877551020408163265307,1
corpora/manifesto_pp/61320_201211_pp_wostw.txt,0,w2v,7,3,max_minus,u,5,2,5,0.25,0.0,0.3922193877551020408163265307,0.6077806122448979591836734693,0.3922193877551020408163265307,1
corpora/manifesto_pp/61320_201211_pp_wostw.txt,0,w2v,7,3,max_minus,u,5,2,5,0.5,0.015140678354215883,0.4775840891912320483749055177,0.6077806122448979591836734693,0.5266676114890400604686318973,1
corpora/manifesto_pp/61320_201211_pp_wostw.txt,0,w2v,7,3,max_minus,u,5,2,5,0.75,0.01332362706967285,0.5068263416477702191987906273,0.6077806122448979591836734693,0.585010393046107331821617536,1
corpora/manifesto_pp/61320_201211_pp_wostw.txt,0,w2v,7,3,max_minus,u,5,2,5,1,0.016959771734540455,0.4658919123204837490551776267,0.6077806122448979591836734693,0.5000944822373393801965230537,1
corpora/manifesto_pp/61320_201211_pp_wostw.txt,0,w2v,7,3,max_minus,u,5,2,10,0,0.0,0.3922193877551020408163265307,0.6077806122448979591836734693,0.3922193877551020408163265307,1
corpora/manifesto_pp/61320_201211_pp_wostw.txt,0,w2v,7,3,max_minus,u,5,2,10,0.25,0.0,0.3922193877551020408163265307,0.6077806122448979591836734693,0.3922193877551020408163265307,1
corpora/manifesto_pp/61320_201211_pp_wostw.txt,0,w2v,7,3,max_minus,u,5,2,10,0.5,0.01544834247030441,0.467214663643235071806500378,0.6077806122448979591836734693,0.517526455026455026455026455,1
corpora/manifesto_pp/61320_201211_pp_wostw.txt,0,w2v,7,3,max_minus,u,5,2,10,0.75,0.012686955658868432,0.506472033257747543461829176,0.6077806122448979591836734693,0.5833333333333333333333333333,1
corpora/manifesto_pp/61320_201211_pp_wostw.txt,0,w2v,7,3,max_minus,u,5,2,10,1,0.020086714069439526,0.4646400226757369614512471657,0.6077806122448979591836734693,0.5013227513227513227513227513,1
corpora/manifesto_pp/61320_201211_pp_wostw.txt,0,w2v,7,3,max_minus,u,5,2,50,0,0.007690136327838728,0.6067176870748299319727891157,0.6077806122448979591836734693,0.9959608843537414965986394557,1
corpora/manifesto_pp/61320_201211_pp_wostw.txt,0,w2v,7,3,max_minus,u,5,2,50,0.25,0.004601451180849577,0.6063633786848072562358276643,0.6077806122448979591836734693,0.993811413454270597127739985,1
corpora/manifesto_pp/61320_201211_pp_wostw.txt,0,w2v,7,3,max_minus,u,5,2,50,0.5,0.02408733650671291,0.6058673469387755102040816327,0.6077806122448979591836734693,0.990528155706727135298563870,1
corpora/manifesto_pp/61320_201211_pp_wostw.txt,0,w2v,7,3,max_minus,u,5,2,50,0.75,0.037933444081909545,0.578491118669690098261526833,0.6077806122448979591836734693,0.894628684807256235827664399,1
corpora/manifesto_pp/61320_201211_pp_wostw.txt,0,w2v,7,3,max_minus,u,5,2,50,1,0.04590797343662198,0.4677106953892668178382464097,0.6077806122448979591836734693,0.5022439531368102796674225247,1
corpora/manifesto_pp/61320_201211_pp_wostw.txt,0,w2v,7,3,max_minus,u,5,2,100,0,0.022833509654274997,0.6076152683295540438397581253,0.6077806122448979591836734693,0.9988425925925925925925925927,1
corpora/manifesto_pp/61320_201211_pp_wostw.txt,0,w2v,7,3,max_minus,u,5,2,100,0.25,0.020951516977460838,0.608323885109599395313681028,0.6077806122448979591836734693,0.9990551776266061980347694633,1
corpora/manifesto_pp/61320_201211_pp_wostw.txt,0,w2v,7,3,max_minus,u,5,2,100,0.5,0.02883097004093718,0.6080640589569160997732426307,0.6077806122448979591836734693,0.9973781179138321995464852607,1
corpora/manifesto_pp/61320_201211_pp_wostw.txt,0,w2v,7,3,max_minus,u,5,2,100,0.75,0.061705757951398876,0.586592970521541950113378685,0.6077806122448979591836734693,0.930579176114890400604686319,1
corpora/manifesto_pp/61320_201211_pp_wostw.txt,0,w2v,7,3,max_minus,u,5,2,100,1,0.07497480707680801,0.4930555555555555555555555557,0.6077806122448979591836734693,0.5547524565381708238851095993,1
corpora/manifesto_pp/61320_201211_pp_wostw.txt,0,w2v,7,3,max_minus,u,5,2,200,0,0.015284260128213309,0.6077569916855631141345427057,0.6077806122448979591836734693,0.9999763794406651549508692367,1
corpora/manifesto_pp/61320_201211_pp_wostw.txt,0,w2v,7,3,max_minus,u,5,2,200,0.25,0.019794756825069985,0.6077806122448979591836734693,0.6077806122448979591836734693,0.999834656084656084656084656,1
corpora/manifesto_pp/61320_201211_pp_wostw.txt,0,w2v,7,3,max_minus,u,5,2,200,0.5,0.016462932485548785,0.6078514739229024943310657597,0.6077806122448979591836734693,0.9995748299319727891156462587,1
corpora/manifesto_pp/61320_201211_pp_wostw.txt,0,w2v,7,3,max_minus,u,5,2,200,0.75,0.021239258833772687,0.6078750944822373393801965233,0.6077806122448979591836734693,0.9992677626606198034769463343,1
corpora/manifesto_pp/61320_201211_pp_wostw.txt,0,w2v,7,3,max_minus,u,5,2,200,1,0.03731498121881304,0.6052295918367346938775510203,0.6077806122448979591836734693,0.9904809145880574452003023433,1
corpora/manifesto_pp/61320_201211_pp_wostw.txt,0,w2v,7,3,max_minus,u,5,5,5,0,0.011906882062069114,0.448223733938019652305366591,0.6077806122448979591836734693,0.4801823507180650037792894937,1
corpora/manifesto_pp/61320_201211_pp_wostw.txt,0,w2v,7,3,max_minus,u,5,5,5,0.25,0.013379433189035827,0.507818405139833711262282691,0.6077806122448979591836734693,0.5858134920634920634920634923,1
corpora/manifesto_pp/61320_201211_pp_wostw.txt,0,w2v,7,3,max_minus,u,5,5,5,0.5,0.014732145680889389,0.4715136054421768707482993197,0.6077806122448979591836734693,0.5078420256991685563114134543,1
corpora/manifesto_pp/61320_201211_pp_wostw.txt,0,w2v,7,3,max_minus,u,5,5,5,0.75,0.010491560418179788,0.4982756991685563114134542707,0.6077806122448979591836734693,0.5474300831443688586545729403,1
corpora/manifesto_pp/61320_201211_pp_wostw.txt,0,w2v,7,3,max_minus,u,5,5,5,1,0.012166921940627953,0.5136290627362055933484504913,0.6077806122448979591836734693,0.569255479969765684051398337,1
corpora/manifesto_pp/61320_201211_pp_wostw.txt,0,w2v,7,3,max_minus,u,5,5,10,0,0.012645256588069961,0.4544123204837490551776266063,0.6077806122448979591836734693,0.489394368858654572940287226,1
corpora/manifesto_pp/61320_201211_pp_wostw.txt,0,w2v,7,3,max_minus,u,5,5,10,0.25,0.014339377951819476,0.5064956538170823885109599397,0.6077806122448979591836734693,0.5861914210128495842781557067,1
corpora/manifesto_pp/61320_201211_pp_wostw.txt,0,w2v,7,3,max_minus,u,5,5,10,0.5,0.016864974262400703,0.4699074074074074074074074073,0.6077806122448979591836734693,0.5054799697656840513983371127,1
corpora/manifesto_pp/61320_201211_pp_wostw.txt,0,w2v,7,3,max_minus,u,5,5,10,0.75,0.010731131980809874,0.499480347694633408919123205,0.6077806122448979591836734693,0.5492488662131519274376417233,1
corpora/manifesto_pp/61320_201211_pp_wostw.txt,0,w2v,7,3,max_minus,u,5,5,10,1,0.010310869904370096,0.5115976946334089191232048377,0.6077806122448979591836734693,0.5686177248677248677248677247,1
corpora/manifesto_pp/61320_201211_pp_wostw.txt,0,w2v,7,3,max_minus,u,5,5,50,0,0.00806878917973937,0.604237528344671201814058957,0.6077806122448979591836734693,0.9883078231292517006802721087,1
corpora/manifesto_pp/61320_201211_pp_wostw.txt,0,w2v,7,3,max_minus,u,5,5,50,0.25,0.041756777283606016,0.5915060468631897203325774753,0.6077806122448979591836734693,0.9357756991685563114134542703,1
corpora/manifesto_pp/61320_201211_pp_wostw.txt,0,w2v,7,3,max_minus,u,5,5,50,0.5,0.0655000468411364,0.4713955026455026455026455027,0.6077806122448979591836734693,0.5051256613756613756613756613,1
corpora/manifesto_pp/61320_201211_pp_wostw.txt,0,w2v,7,3,max_minus,u,5,5,50,0.75,0.020717498226621122,0.481623204837490551776266062,0.6077806122448979591836734693,0.5264550264550264550264550263,1
corpora/manifesto_pp/61320_201211_pp_wostw.txt,0,w2v,7,3,max_minus,u,5,5,50,1,0.011231638944515393,0.5006849962207105064247921393,0.6077806122448979591836734693,0.553358843537414965986394558,1
corpora/manifesto_pp/61320_201211_pp_wostw.txt,0,w2v,7,3,max_minus,u,5,5,100,0,0.031170559689004868,0.6073318216175359032501889643,0.6077806122448979591836734693,0.9904100529100529100529100527,1
corpora/manifesto_pp/61320_201211_pp_wostw.txt,0,w2v,7,3,max_minus,u,5,5,100,0.25,0.10244872021390218,0.591553287981859410430839002,0.6077806122448979591836734693,0.9142101284958427815570672713,1
corpora/manifesto_pp/61320_201211_pp_wostw.txt,0,w2v,7,3,max_minus,u,5,5,100,0.5,0.08480750137318131,0.4937405517762660619803476947,0.6077806122448979591836734693,0.5660903250188964474678760393,1
corpora/manifesto_pp/61320_201211_pp_wostw.txt,0,w2v,7,3,max_minus,u,5,5,100,0.75,0.030572422466906158,0.476686507936507936507936508,0.6077806122448979591836734693,0.524163832199546485260770975,1
corpora/manifesto_pp/61320_201211_pp_wostw.txt,0,w2v,7,3,max_minus,u,5,5,100,1,0.021713048181739626,0.497000188964474678760393046,0.6077806122448979591836734693,0.549626795162509448223733938,1
corpora/manifesto_pp/61320_201211_pp_wostw.txt,0,w2v,7,3,max_minus,u,5,5,200,0,0.020226101528797138,0.6078514739229024943310657597,0.6077806122448979591836734693,0.999551209372637944066515495,1
corpora/manifesto_pp/61320_201211_pp_wostw.txt,0,w2v,7,3,max_minus,u,5,5,200,0.25,0.026552887104685573,0.6084183673469387755102040817,0.6077806122448979591836734693,0.999149659863945578231292517,1
corpora/manifesto_pp/61320_201211_pp_wostw.txt,0,w2v,7,3,max_minus,u,5,5,200,0.5,0.03459147613642861,0.605772864701436130007558579,0.6077806122448979591836734693,0.991992630385487528344671202,1
corpora/manifesto_pp/61320_201211_pp_wostw.txt,0,w2v,7,3,max_minus,u,5,5,200,0.75,0.06834096230076152,0.5139597505668934240362811793,0.6077806122448979591836734693,0.6335270219198790627362055933,1
corpora/manifesto_pp/61320_201211_pp_wostw.txt,0,w2v,7,3,max_minus,u,5,5,200,1,0.03303491812754838,0.5018896447467876039304610733,0.6077806122448979591836734693,0.5513747165532879818594104307,1
corpora/manifesto_pp/61320_201211_pp_wostw.txt,0,w2v,7,3,max_minus,u,5,10,5,0,0.011976510107603646,0.5019368858654572940287226003,0.6077806122448979591836734693,0.575491307634164777021919879,1
corpora/manifesto_pp/61320_201211_pp_wostw.txt,0,w2v,7,3,max_minus,u,5,10,5,0.25,0.015167275811999725,0.487693688586545729402872260,0.6077806122448979591836734693,0.5287934618291761148904006047,1
corpora/manifesto_pp/61320_201211_pp_wostw.txt,0,w2v,7,3,max_minus,u,5,10,5,0.5,0.013468636989558696,0.5040154950869236583522297807,0.6077806122448979591836734693,0.554280045351473922902494331,1
corpora/manifesto_pp/61320_201211_pp_wostw.txt,0,w2v,7,3,max_minus,u,5,10,5,0.75,0.00955938690868822,0.510889077853363567649281935,0.6077806122448979591836734693,0.5718065003779289493575207863,1
corpora/manifesto_pp/61320_201211_pp_wostw.txt,0,w2v,7,3,max_minus,u,5,10,5,1,0.012616146427249314,0.521258503401360544217687075,0.6077806122448979591836734693,0.5827191987906273620559334847,1
corpora/manifesto_pp/61320_201211_pp_wostw.txt,0,w2v,7,3,max_minus,u,5,10,10,0,0.012714742058000281,0.5025982615268329554043839757,0.6077806122448979591836734693,0.5772392290249433106575963717,1
corpora/manifesto_pp/61320_201211_pp_wostw.txt,0,w2v,7,3,max_minus,u,5,10,10,0.25,0.015547297860298279,0.4833002645502645502645502647,0.6077806122448979591836734693,0.524730725623582766439909297,1
corpora/manifesto_pp/61320_201211_pp_wostw.txt,0,w2v,7,3,max_minus,u,5,10,10,0.5,0.013600139668815252,0.5042753212396069538926681787,0.6077806122448979591836734693,0.554280045351473922902494331,1
corpora/manifesto_pp/61320_201211_pp_wostw.txt,0,w2v,7,3,max_minus,u,5,10,10,0.75,0.010378381100792327,0.510770975056689342403628118,0.6077806122448979591836734693,0.5687594482237339380196523053,1
corpora/manifesto_pp/61320_201211_pp_wostw.txt,0,w2v,7,3,max_minus,u,5,10,10,1,0.00892987044925344,0.5228174603174603174603174603,0.6077806122448979591836734693,0.5864748677248677248677248677,1
corpora/manifesto_pp/61320_201211_pp_wostw.txt,0,w2v,7,3,max_minus,u,5,10,50,0,0.025786852040255215,0.5645077475434618291761148903,0.6077806122448979591836734693,0.8315854119425547996976568403,1
corpora/manifesto_pp/61320_201211_pp_wostw.txt,0,w2v,7,3,max_minus,u,5,10,50,0.25,0.03076799605101128,0.471986016628873771730914588,0.6077806122448979591836734693,0.5103458049886621315192743763,1
corpora/manifesto_pp/61320_201211_pp_wostw.txt,0,w2v,7,3,max_minus,u,5,10,50,0.5,0.01762563508387383,0.4932208994708994708994708993,0.6077806122448979591836734693,0.5375803099017384731670445953,1
corpora/manifesto_pp/61320_201211_pp_wostw.txt,0,w2v,7,3,max_minus,u,5,10,50,0.75,0.011586222950415137,0.5053618669690098261526832957,0.6077806122448979591836734693,0.5644605064247921390778533637,1
corpora/manifesto_pp/61320_201211_pp_wostw.txt,0,w2v,7,3,max_minus,u,5,10,50,1,0.011122534832129135,0.5325727513227513227513227513,0.6077806122448979591836734693,0.596938775510204081632653061,1
corpora/manifesto_pp/61320_201211_pp_wostw.txt,0,w2v,7,3,max_minus,u,5,10,100,0,0.066080187832971,0.5177626606198034769463340893,0.6077806122448979591836734693,0.6763510959939531368102796673,1
corpora/manifesto_pp/61320_201211_pp_wostw.txt,0,w2v,7,3,max_minus,u,5,10,100,0.25,0.0581285758894709,0.4872685185185185185185185187,0.6077806122448979591836734693,0.5329270597127739984882842027,1
corpora/manifesto_pp/61320_201211_pp_wostw.txt,0,w2v,7,3,max_minus,u,5,10,100,0.5,0.022632849920167574,0.4866307634164777021919879063,0.6077806122448979591836734693,0.5342498110355253212396069537,1
corpora/manifesto_pp/61320_201211_pp_wostw.txt,0,w2v,7,3,max_minus,u,5,10,100,0.75,0.018728290834240352,0.5019132653061224489795918367,0.6077806122448979591836734693,0.5566893424036281179138321993,1
corpora/manifesto_pp/61320_201211_pp_wostw.txt,0,w2v,7,3,max_minus,u,5,10,100,1,0.01065836320543397,0.5139361300075585789871504157,0.6077806122448979591836734693,0.5791052532123960695389266817,1
corpora/manifesto_pp/61320_201211_pp_wostw.txt,0,w2v,7,3,max_minus,u,5,10,200,0,0.031801445274914165,0.6079459561602418745275888133,0.6077806122448979591836734693,0.9953231292517006802721088437,1
corpora/manifesto_pp/61320_201211_pp_wostw.txt,0,w2v,7,3,max_minus,u,5,10,200,0.25,0.10726951012713638,0.5743811413454270597127739983,0.6077806122448979591836734693,0.8763936130007558578987150417,1
corpora/manifesto_pp/61320_201211_pp_wostw.txt,0,w2v,7,3,max_minus,u,5,10,200,0.5,0.03914230470281139,0.5108182161753590325018896447,0.6077806122448979591836734693,0.5742157974300831443688586547,1
corpora/manifesto_pp/61320_201211_pp_wostw.txt,0,w2v,7,3,max_minus,u,5,10,200,0.75,0.021375097327397143,0.5102040816326530612244897957,0.6077806122448979591836734693,0.5662084278155706727135298563,1
corpora/manifesto_pp/61320_201211_pp_wostw.txt,0,w2v,7,3,max_minus,u,5,10,200,1,0.01607051361036551,0.521612811791383219954648526,0.6077806122448979591836734693,0.5832152305366591080876795163,1
corpora/manifesto_pp/61320_201211_pp_wostw.txt,0,w2v,7,3,max_minus,u,5,30,5,0,0.013485917365762287,0.507322373393801965230536659,0.6077806122448979591836734693,0.5596891534391534391534391533,1
corpora/manifesto_pp/61320_201211_pp_wostw.txt,0,w2v,7,3,max_minus,u,5,30,5,0.25,0.010117345893596502,0.510889077853363567649281935,0.6077806122448979591836734693,0.573318216175359032501889645,1
corpora/manifesto_pp/61320_201211_pp_wostw.txt,0,w2v,7,3,max_minus,u,5,30,5,0.5,0.009237573995540366,0.5189673091458805744520030233,0.6077806122448979591836734693,0.585411942554799697656840514,1
corpora/manifesto_pp/61320_201211_pp_wostw.txt,0,w2v,7,3,max_minus,u,5,30,5,0.75,0.008406084059084907,0.522699357520786092214663643,0.6077806122448979591836734693,0.5939862055933484504913076343,1
corpora/manifesto_pp/61320_201211_pp_wostw.txt,0,w2v,7,3,max_minus,u,5,30,5,1,0.009312596400469627,0.5335411942554799697656840513,0.6077806122448979591836734693,0.6142290249433106575963718823,1
corpora/manifesto_pp/61320_201211_pp_wostw.txt,0,w2v,7,3,max_minus,u,5,30,10,0,0.01558658602439103,0.4975907029478458049886621317,0.6077806122448979591836734693,0.5466978458049886621315192743,1
corpora/manifesto_pp/61320_201211_pp_wostw.txt,0,w2v,7,3,max_minus,u,5,30,10,0.25,0.009599999789210258,0.5124952758881330309901738473,0.6077806122448979591836734693,0.571971844293272864701436130,1
corpora/manifesto_pp/61320_201211_pp_wostw.txt,0,w2v,7,3,max_minus,u,5,30,10,0.5,0.008711451665561283,0.5196050642479213907785336357,0.6077806122448979591836734693,0.584750566893424036281179138,1
corpora/manifesto_pp/61320_201211_pp_wostw.txt,0,w2v,7,3,max_minus,u,5,30,10,0.75,0.00991380703214297,0.5417139077853363567649281933,0.6077806122448979591836734693,0.6099537037037037037037037037,1
corpora/manifesto_pp/61320_201211_pp_wostw.txt,0,w2v,7,3,max_minus,u,5,30,10,1,0.008696710044942239,0.5346986016628873771730914587,0.6077806122448979591836734693,0.6071428571428571428571428573,1
corpora/manifesto_pp/61320_201211_pp_wostw.txt,0,w2v,7,3,max_minus,u,5,30,50,0,0.015955645448081018,0.499315003779289493575207861,0.6077806122448979591836734693,0.5470993953136810279667422523,1
corpora/manifesto_pp/61320_201211_pp_wostw.txt,0,w2v,7,3,max_minus,u,5,30,50,0.25,0.010308315539254584,0.5110308012093726379440665153,0.6077806122448979591836734693,0.5713104686318972033257747543,1
corpora/manifesto_pp/61320_201211_pp_wostw.txt,0,w2v,7,3,max_minus,u,5,30,50,0.5,0.011779350715511927,0.5333286092214663643235071807,0.6077806122448979591836734693,0.598356009070294784580498866,1
corpora/manifesto_pp/61320_201211_pp_wostw.txt,0,w2v,7,3,max_minus,u,5,30,50,0.75,0.010222978893493889,0.5408871882086167800453514737,0.6077806122448979591836734693,0.6101662887377173091458805743,1
corpora/manifesto_pp/61320_201211_pp_wostw.txt,0,w2v,7,3,max_minus,u,5,30,50,1,0.008652911616568783,0.5399659863945578231292517007,0.6077806122448979591836734693,0.6151738473167044595616024187,1
corpora/manifesto_pp/61320_201211_pp_wostw.txt,0,w2v,7,3,max_minus,u,5,30,100,0,0.029307447994461805,0.4869850718065003779289493577,0.6077806122448979591836734693,0.5372968631897203325774754347,1
corpora/manifesto_pp/61320_201211_pp_wostw.txt,0,w2v,7,3,max_minus,u,5,30,100,0.25,0.012931449784203316,0.5099914965986394557823129253,0.6077806122448979591836734693,0.5675784202569916855631141347,1
corpora/manifesto_pp/61320_201211_pp_wostw.txt,0,w2v,7,3,max_minus,u,5,30,100,0.5,0.011087463950053824,0.5267857142857142857142857143,0.6077806122448979591836734693,0.5924036281179138321995464853,1
corpora/manifesto_pp/61320_201211_pp_wostw.txt,0,w2v,7,3,max_minus,u,5,30,100,0.75,0.00971529520823277,0.5235733182161753590325018897,0.6077806122448979591836734693,0.593702758881330309901738473,1
corpora/manifesto_pp/61320_201211_pp_wostw.txt,0,w2v,7,3,max_minus,u,5,30,100,1,0.009201351348558685,0.529431216931216931216931217,0.6077806122448979591836734693,0.602253401360544217687074830,1
corpora/manifesto_pp/61320_201211_pp_wostw.txt,0,w2v,7,3,max_minus,u,5,30,200,0,0.030938669983199316,0.4929846938775510204081632653,0.6077806122448979591836734693,0.548044217687074829931972789,1
corpora/manifesto_pp/61320_201211_pp_wostw.txt,0,w2v,7,3,max_minus,u,5,30,200,0.25,0.021229095401012723,0.505905139833711262282690854,0.6077806122448979591836734693,0.562216553287981859410430839,1
corpora/manifesto_pp/61320_201211_pp_wostw.txt,0,w2v,7,3,max_minus,u,5,30,200,0.5,0.012308342202422273,0.511786659108087679516250945,0.6077806122448979591836734693,0.574640967498110355253212396,1
corpora/manifesto_pp/61320_201211_pp_wostw.txt,0,w2v,7,3,max_minus,u,5,30,200,0.75,0.01048457170514304,0.5240221088435374149659863947,0.6077806122448979591836734693,0.5942224111866969009826152683,1
corpora/manifesto_pp/61320_201211_pp_wostw.txt,0,w2v,7,3,max_minus,u,5,30,200,1,0.011265960340093265,0.5374385865457294028722600153,0.6077806122448979591836734693,0.6093159486016628873771730913,1
corpora/manifesto_pp/61320_201211_pp_wostw.txt,0,w2v,7,3,max_minus,u,10,1,5,0,0.0,0.3922193877551020408163265307,0.6077806122448979591836734693,0.3922193877551020408163265307,1
corpora/manifesto_pp/61320_201211_pp_wostw.txt,0,w2v,7,3,max_minus,u,10,1,5,0.25,0.0,0.3922193877551020408163265307,0.6077806122448979591836734693,0.3922193877551020408163265307,1
corpora/manifesto_pp/61320_201211_pp_wostw.txt,0,w2v,7,3,max_minus,u,10,1,5,0.5,0.0,0.3922193877551020408163265307,0.6077806122448979591836734693,0.3922193877551020408163265307,1
corpora/manifesto_pp/61320_201211_pp_wostw.txt,0,w2v,7,3,max_minus,u,10,1,5,0.75,0.0026074572699722833,0.399565381708238851095993953,0.6077806122448979591836734693,0.403864323507180650037792895,1
corpora/manifesto_pp/61320_201211_pp_wostw.txt,0,w2v,7,3,max_minus,u,10,1,5,1,0.019048163457872736,0.453373015873015873015873016,0.6077806122448979591836734693,0.4926540060468631897203325773,0.9999763794406651549508692367
corpora/manifesto_pp/61320_201211_pp_wostw.txt,0,w2v,7,3,max_minus,u,10,1,10,0,0.0,0.3922193877551020408163265307,0.6077806122448979591836734693,0.3922193877551020408163265307,1
corpora/manifesto_pp/61320_201211_pp_wostw.txt,0,w2v,7,3,max_minus,u,10,1,10,0.25,0.0,0.3922193877551020408163265307,0.6077806122448979591836734693,0.3922193877551020408163265307,1
corpora/manifesto_pp/61320_201211_pp_wostw.txt,0,w2v,7,3,max_minus,u,10,1,10,0.5,0.0,0.3922193877551020408163265307,0.6077806122448979591836734693,0.3922193877551020408163265307,1
corpora/manifesto_pp/61320_201211_pp_wostw.txt,0,w2v,7,3,max_minus,u,10,1,10,0.75,0.0038536014198843837,0.4007936507936507936507936507,0.6077806122448979591836734693,0.4074310279667422524565381707,1
corpora/manifesto_pp/61320_201211_pp_wostw.txt,0,w2v,7,3,max_minus,u,10,1,10,1,0.020215502375381087,0.4523809523809523809523809523,0.6077806122448979591836734693,0.4948507180650037792894935753,1
corpora/manifesto_pp/61320_201211_pp_wostw.txt,0,w2v,7,3,max_minus,u,10,1,50,0,0.0067943128109184785,0.6072845804988662131519274377,0.6077806122448979591836734693,0.9982756991685563114134542707,1
corpora/manifesto_pp/61320_201211_pp_wostw.txt,0,w2v,7,3,max_minus,u,10,1,50,0.25,0.008131405699395482,0.6073790627362055933484504913,0.6077806122448979591836734693,0.997968631897203325774754346,1
corpora/manifesto_pp/61320_201211_pp_wostw.txt,0,w2v,7,3,max_minus,u,10,1,50,0.5,0.005487268449507659,0.6080640589569160997732426303,0.6077806122448979591836734693,0.9957719198790627362055933483,1
corpora/manifesto_pp/61320_201211_pp_wostw.txt,0,w2v,7,3,max_minus,u,10,1,50,0.75,0.010349719188691422,0.607827853363567649281934996,0.6077806122448979591836734693,0.9927248677248677248677248677,1
corpora/manifesto_pp/61320_201211_pp_wostw.txt,0,w2v,7,3,max_minus,u,10,1,50,1,0.027888561980211366,0.602088057445200302343159486,0.6077806122448979591836734693,0.9751275510204081632653061223,1
corpora/manifesto_pp/61320_201211_pp_wostw.txt,0,w2v,7,3,max_minus,u,10,1,100,0,0.017925463595074395,0.6077806122448979591836734693,0.6077806122448979591836734693,0.9995748299319727891156462587,1
corpora/manifesto_pp/61320_201211_pp_wostw.txt,0,w2v,7,3,max_minus,u,10,1,100,0.25,0.021202856030885935,0.607756991685563114134542706,0.6077806122448979591836734693,0.9994094860166288737717309147,1
corpora/manifesto_pp/61320_201211_pp_wostw.txt,0,w2v,7,3,max_minus,u,10,1,100,0.5,0.02294386440174878,0.6077806122448979591836734693,0.6077806122448979591836734693,0.9994094860166288737717309147,1
corpora/manifesto_pp/61320_201211_pp_wostw.txt,0,w2v,7,3,max_minus,u,10,1,100,0.75,0.023952363635811134,0.6076152683295540438397581257,0.6077806122448979591836734693,0.9994094860166288737717309147,1
corpora/manifesto_pp/61320_201211_pp_wostw.txt,0,w2v,7,3,max_minus,u,10,1,100,1,0.032895009142602454,0.6046626984126984126984126983,0.6077806122448979591836734693,0.986441798941798941798941799,1
corpora/manifesto_pp/61320_201211_pp_wostw.txt,0,w2v,7,3,max_minus,u,10,1,200,0,0.016172813971131326,0.6077806122448979591836734693,0.6077806122448979591836734693,1,1
corpora/manifesto_pp/61320_201211_pp_wostw.txt,0,w2v,7,3,max_minus,u,10,1,200,0.25,0.016650639640983785,0.6077806122448979591836734693,0.6077806122448979591836734693,1,1
corpora/manifesto_pp/61320_201211_pp_wostw.txt,0,w2v,7,3,max_minus,u,10,1,200,0.5,0.019676245489137236,0.6077806122448979591836734693,0.6077806122448979591836734693,1,1
corpora/manifesto_pp/61320_201211_pp_wostw.txt,0,w2v,7,3,max_minus,u,10,1,200,0.75,0.01982289651883181,0.6077806122448979591836734693,0.6077806122448979591836734693,1,1
corpora/manifesto_pp/61320_201211_pp_wostw.txt,0,w2v,7,3,max_minus,u,10,1,200,1,0.016995254408754823,0.6077569916855631141345427057,0.6077806122448979591836734693,0.9999291383219954648526077097,1
corpora/manifesto_pp/61320_201211_pp_wostw.txt,0,w2v,7,3,max_minus,u,10,2,5,0,0.0,0.3922193877551020408163265307,0.6077806122448979591836734693,0.3922193877551020408163265307,1
corpora/manifesto_pp/61320_201211_pp_wostw.txt,0,w2v,7,3,max_minus,u,10,2,5,0.25,0.0,0.3922193877551020408163265307,0.6077806122448979591836734693,0.3922193877551020408163265307,1
corpora/manifesto_pp/61320_201211_pp_wostw.txt,0,w2v,7,3,max_minus,u,10,2,5,0.5,0.019344402491792537,0.434098639455782312925170068,0.6077806122448979591836734693,0.4567507558578987150415721843,1
corpora/manifesto_pp/61320_201211_pp_wostw.txt,0,w2v,7,3,max_minus,u,10,2,5,0.75,0.01731509951981766,0.4592072940287226001511715797,0.6077806122448979591836734693,0.4935752078609221466364323507,1
corpora/manifesto_pp/61320_201211_pp_wostw.txt,0,w2v,7,3,max_minus,u,10,2,5,1,0.02409224654314204,0.4347363945578231292517006803,0.6077806122448979591836734693,0.4513652683295540438397581253,1
corpora/manifesto_pp/61320_201211_pp_wostw.txt,0,w2v,7,3,max_minus,u,10,2,10,0,0.0,0.3922193877551020408163265307,0.6077806122448979591836734693,0.3922193877551020408163265307,0.9999763794406651549508692367
corpora/manifesto_pp/61320_201211_pp_wostw.txt,0,w2v,7,3,max_minus,u,10,2,10,0.25,0.0,0.3922193877551020408163265307,0.6077806122448979591836734693,0.3922193877551020408163265307,1
corpora/manifesto_pp/61320_201211_pp_wostw.txt,0,w2v,7,3,max_minus,u,10,2,10,0.5,0.022020830910110673,0.4461451247165532879818594103,0.6077806122448979591836734693,0.4785761526832955404383975813,1
corpora/manifesto_pp/61320_201211_pp_wostw.txt,0,w2v,7,3,max_minus,u,10,2,10,0.75,0.024375032215457282,0.453491118669690098261526833,0.6077806122448979591836734693,0.4892998866213151927437641723,1
corpora/manifesto_pp/61320_201211_pp_wostw.txt,0,w2v,7,3,max_minus,u,10,2,10,1,0.026404334139553315,0.4354213907785336356764928193,0.6077806122448979591836734693,0.4544123204837490551776266063,1
corpora/manifesto_pp/61320_201211_pp_wostw.txt,0,w2v,7,3,max_minus,u,10,2,50,0,0.002356582406100245,0.606953892668178382464096750,0.6077806122448979591836734693,0.9971182917611489040060468633,1
corpora/manifesto_pp/61320_201211_pp_wostw.txt,0,w2v,7,3,max_minus,u,10,2,50,0.25,0.0025059283704125285,0.607473544973544973544973545,0.6077806122448979591836734693,0.9961026077097505668934240363,1
corpora/manifesto_pp/61320_201211_pp_wostw.txt,0,w2v,7,3,max_minus,u,10,2,50,0.5,0.017632946878330388,0.607308201058201058201058201,0.6077806122448979591836734693,0.989559712773998488284202570,1
corpora/manifesto_pp/61320_201211_pp_wostw.txt,0,w2v,7,3,max_minus,u,10,2,50,0.75,0.061906923613586316,0.568239795918367346938775510,0.6077806122448979591836734693,0.883668745275888133030990174,1
corpora/manifesto_pp/61320_201211_pp_wostw.txt,0,w2v,7,3,max_minus,u,10,2,50,1,0.06643990413325727,0.424390589569160997732426304,0.6077806122448979591836734693,0.4425784202569916855631141347,1
corpora/manifesto_pp/61320_201211_pp_wostw.txt,0,w2v,7,3,max_minus,u,10,2,100,0,0.024524394653234832,0.607875094482237339380196523,0.6077806122448979591836734693,0.999149659863945578231292517,1
corpora/manifesto_pp/61320_201211_pp_wostw.txt,0,w2v,7,3,max_minus,u,10,2,100,0.25,0.02571101287679298,0.6078514739229024943310657597,0.6077806122448979591836734693,0.998795351473922902494331066,1
corpora/manifesto_pp/61320_201211_pp_wostw.txt,0,w2v,7,3,max_minus,u,10,2,100,0.5,0.0241617391506533,0.6081349206349206349206349207,0.6077806122448979591836734693,0.9984410430839002267573696143,1
corpora/manifesto_pp/61320_201211_pp_wostw.txt,0,w2v,7,3,max_minus,u,10,2,100,0.75,0.046840523788101406,0.596584467120181405895691610,0.6077806122448979591836734693,0.9548374905517762660619803477,1
corpora/manifesto_pp/61320_201211_pp_wostw.txt,0,w2v,7,3,max_minus,u,10,2,100,1,0.10256221196164088,0.436933106575963718820861678,0.6077806122448979591836734693,0.4706632653061224489795918367,1
corpora/manifesto_pp/61320_201211_pp_wostw.txt,0,w2v,7,3,max_minus,u,10,2,200,0,0.015364528273903279,0.6077569916855631141345427057,0.6077806122448979591836734693,0.9999527588813303099017384733,1
corpora/manifesto_pp/61320_201211_pp_wostw.txt,0,w2v,7,3,max_minus,u,10,2,200,0.25,0.023688168653375193,0.6077806122448979591836734693,0.6077806122448979591836734693,0.9999763794406651549508692367,1
corpora/manifesto_pp/61320_201211_pp_wostw.txt,0,w2v,7,3,max_minus,u,10,2,200,0.5,0.024729482125249152,0.607804232804232804232804233,0.6077806122448979591836734693,0.9997401738473167044595616027,1
corpora/manifesto_pp/61320_201211_pp_wostw.txt,0,w2v,7,3,max_minus,u,10,2,200,0.75,0.02683538689098941,0.6078514739229024943310657597,0.6077806122448979591836734693,0.9992913832199546485260770977,1
corpora/manifesto_pp/61320_201211_pp_wostw.txt,0,w2v,7,3,max_minus,u,10,2,200,1,0.03658217590061676,0.6041430461073318216175359033,0.6077806122448979591836734693,0.9907879818594104308390022677,1
corpora/manifesto_pp/61320_201211_pp_wostw.txt,0,w2v,7,3,max_minus,u,10,5,5,0,0.012164609241843117,0.4077380952380952380952380953,0.6077806122448979591836734693,0.4246504157218442932728647013,1
corpora/manifesto_pp/61320_201211_pp_wostw.txt,0,w2v,7,3,max_minus,u,10,5,5,0.25,0.017230083750059588,0.4598922902494331065759637187,0.6077806122448979591836734693,0.4942365835222978080120937263,1
corpora/manifesto_pp/61320_201211_pp_wostw.txt,0,w2v,7,3,max_minus,u,10,5,5,0.5,0.023765028524944085,0.4286422902494331065759637187,0.6077806122448979591836734693,0.448955971277399848828420257,1
corpora/manifesto_pp/61320_201211_pp_wostw.txt,0,w2v,7,3,max_minus,u,10,5,5,0.75,0.018703495176078968,0.4388227513227513227513227513,0.6077806122448979591836734693,0.464781746031746031746031746,1
corpora/manifesto_pp/61320_201211_pp_wostw.txt,0,w2v,7,3,max_minus,u,10,5,5,1,0.017093592543751344,0.443003590325018896447467876,0.6077806122448979591836734693,0.4738992819349962207105064247,1
corpora/manifesto_pp/61320_201211_pp_wostw.txt,0,w2v,7,3,max_minus,u,10,5,10,0,0.009421909821574164,0.4241307634164777021919879063,0.6077806122448979591836734693,0.4382794784580498866213151927,1
corpora/manifesto_pp/61320_201211_pp_wostw.txt,0,w2v,7,3,max_minus,u,10,5,10,0.25,0.014543823592097526,0.455546107331821617535903250,0.6077806122448979591836734693,0.4918036659108087679516250947,1
corpora/manifesto_pp/61320_201211_pp_wostw.txt,0,w2v,7,3,max_minus,u,10,5,10,0.5,0.027048439433154575,0.4298233182161753590325018897,0.6077806122448979591836734693,0.4475623582766439909297052153,1
corpora/manifesto_pp/61320_201211_pp_wostw.txt,0,w2v,7,3,max_minus,u,10,5,10,0.75,0.02032043362128307,0.4538690476190476190476190477,0.6077806122448979591836734693,0.4777258125472411186696900983,1
corpora/manifesto_pp/61320_201211_pp_wostw.txt,0,w2v,7,3,max_minus,u,10,5,10,1,0.019715980991440826,0.4544359410430839002267573697,0.6077806122448979591836734693,0.480890967498110355253212396,1
corpora/manifesto_pp/61320_201211_pp_wostw.txt,0,w2v,7,3,max_minus,u,10,5,50,0,0.0084070735628919,0.6043083900226757369614512473,0.6077806122448979591836734693,0.9897486772486772486772486773,1
corpora/manifesto_pp/61320_201211_pp_wostw.txt,0,w2v,7,3,max_minus,u,10,5,50,0.25,0.06438225809101812,0.586545729402872260015117158,0.6077806122448979591836734693,0.9268707482993197278911564627,1
corpora/manifesto_pp/61320_201211_pp_wostw.txt,0,w2v,7,3,max_minus,u,10,5,50,0.5,0.08752324925135636,0.433649848828420256991685563,0.6077806122448979591836734693,0.4532785336356764928193499623,1
corpora/manifesto_pp/61320_201211_pp_wostw.txt,0,w2v,7,3,max_minus,u,10,5,50,0.75,0.033249364275362035,0.4346891534391534391534391533,0.6077806122448979591836734693,0.4587348828420256991685563113,1
corpora/manifesto_pp/61320_201211_pp_wostw.txt,0,w2v,7,3,max_minus,u,10,5,50,1,0.024322263179632625,0.4577900604686318972033257747,0.6077806122448979591836734693,0.4853316326530612244897959183,1
corpora/manifesto_pp/61320_201211_pp_wostw.txt,0,w2v,7,3,max_minus,u,10,5,100,0,0.02772548172248679,0.6070956160241874527588813303,0.6077806122448979591836734693,0.9956774376417233560090702947,1
corpora/manifesto_pp/61320_201211_pp_wostw.txt,0,w2v,7,3,max_minus,u,10,5,100,0.25,0.10317809524692273,0.572822184429327286470143613,0.6077806122448979591836734693,0.9032738095238095238095238097,1
corpora/manifesto_pp/61320_201211_pp_wostw.txt,0,w2v,7,3,max_minus,u,10,5,100,0.5,0.10777509351420132,0.4351851851851851851851851853,0.6077806122448979591836734693,0.4681122448979591836734693877,1
corpora/manifesto_pp/61320_201211_pp_wostw.txt,0,w2v,7,3,max_minus,u,10,5,100,0.75,0.042213176790033814,0.444538926681783824640967498,0.6077806122448979591836734693,0.4671910430839002267573696147,1
corpora/manifesto_pp/61320_201211_pp_wostw.txt,0,w2v,7,3,max_minus,u,10,5,100,1,0.024503000187087648,0.4527825018896447467876039303,0.6077806122448979591836734693,0.477088057445200302343159486,1
corpora/manifesto_pp/61320_201211_pp_wostw.txt,0,w2v,7,3,max_minus,u,10,5,200,0,0.020401938509313527,0.6079459561602418745275888133,0.6077806122448979591836734693,0.9996220710506424792139077853,1
corpora/manifesto_pp/61320_201211_pp_wostw.txt,0,w2v,7,3,max_minus,u,10,5,200,0.25,0.02361775118403517,0.608087679516250944822373394,0.6077806122448979591836734693,0.9987717309145880574452003027,1
corpora/manifesto_pp/61320_201211_pp_wostw.txt,0,w2v,7,3,max_minus,u,10,5,200,0.5,0.031782105483867486,0.607426303854875283446712018,0.6077806122448979591836734693,0.9958900226757369614512471653,1
corpora/manifesto_pp/61320_201211_pp_wostw.txt,0,w2v,7,3,max_minus,u,10,5,200,0.75,0.10001130394568432,0.4432161753590325018896447467,0.6077806122448979591836734693,0.5128495842781557067271352987,1
corpora/manifesto_pp/61320_201211_pp_wostw.txt,0,w2v,7,3,max_minus,u,10,5,200,1,0.04742872773784932,0.457908163265306122448979592,0.6077806122448979591836734693,0.4846702569916855631141345427,1
corpora/manifesto_pp/61320_201211_pp_wostw.txt,0,w2v,7,3,max_minus,u,10,10,5,0,0.016812292118496313,0.465797430083144368858654573,0.6077806122448979591836734693,0.500047241118669690098261527,1
corpora/manifesto_pp/61320_201211_pp_wostw.txt,0,w2v,7,3,max_minus,u,10,10,5,0.25,0.017964945363944728,0.4427910052910052910052910053,0.6077806122448979591836734693,0.4641439909297052154195011337,1
corpora/manifesto_pp/61320_201211_pp_wostw.txt,0,w2v,7,3,max_minus,u,10,10,5,0.5,0.015180279084949948,0.4455073696145124716553287983,0.6077806122448979591836734693,0.4720568783068783068783068783,1
corpora/manifesto_pp/61320_201211_pp_wostw.txt,0,w2v,7,3,max_minus,u,10,10,5,0.75,0.017979825955003265,0.470899470899470899470899471,0.6077806122448979591836734693,0.5006613756613756613756613757,1
corpora/manifesto_pp/61320_201211_pp_wostw.txt,0,w2v,7,3,max_minus,u,10,10,5,1,0.01584559384158128,0.4578845427059712773998488283,0.6077806122448979591836734693,0.4909533257747543461829176113,1
corpora/manifesto_pp/61320_201211_pp_wostw.txt,0,w2v,7,3,max_minus,u,10,10,10,0,0.014405673240182687,0.456845238095238095238095238,0.6077806122448979591836734693,0.4907879818594104308390022677,1
corpora/manifesto_pp/61320_201211_pp_wostw.txt,0,w2v,7,3,max_minus,u,10,10,10,0.25,0.017296247921819514,0.4405942932728647014361300077,0.6077806122448979591836734693,0.4634353741496598639455782313,1
corpora/manifesto_pp/61320_201211_pp_wostw.txt,0,w2v,7,3,max_minus,u,10,10,10,0.5,0.0159990817174397,0.4550500755857898715041572183,0.6077806122448979591836734693,0.4809145880574452003023431593,1
corpora/manifesto_pp/61320_201211_pp_wostw.txt,0,w2v,7,3,max_minus,u,10,10,10,0.75,0.016278588744274253,0.4581207482993197278911564627,0.6077806122448979591836734693,0.489512471655328798185941043,1
corpora/manifesto_pp/61320_201211_pp_wostw.txt,0,w2v,7,3,max_minus,u,10,10,10,1,0.012659162135661846,0.466647770219198790627362056,0.6077806122448979591836734693,0.4962207105064247921390778533,1
corpora/manifesto_pp/61320_201211_pp_wostw.txt,0,w2v,7,3,max_minus,u,10,10,50,0,0.05886949407408404,0.5291241496598639455782312927,0.6077806122448979591836734693,0.774494520030234315948601663,1
corpora/manifesto_pp/61320_201211_pp_wostw.txt,0,w2v,7,3,max_minus,u,10,10,50,0.25,0.05357504371798157,0.4323743386243386243386243387,0.6077806122448979591836734693,0.452924225245653817082388511,1
corpora/manifesto_pp/61320_201211_pp_wostw.txt,0,w2v,7,3,max_minus,u,10,10,50,0.5,0.027504186288620846,0.4490504535147392290249433107,0.6077806122448979591836734693,0.4750094482237339380196523053,1
corpora/manifesto_pp/61320_201211_pp_wostw.txt,0,w2v,7,3,max_minus,u,10,10,50,0.75,0.023663437432636752,0.4453656462585034013605442177,0.6077806122448979591836734693,0.474017384731670445956160242,1
corpora/manifesto_pp/61320_201211_pp_wostw.txt,0,w2v,7,3,max_minus,u,10,10,50,1,0.014044764833984405,0.4638369236583522297808012093,0.6077806122448979591836734693,0.4931736583522297808012093727,1
corpora/manifesto_pp/61320_201211_pp_wostw.txt,0,w2v,7,3,max_minus,u,10,10,100,0,0.09440141030585547,0.505220143613000755857898715,0.6077806122448979591836734693,0.6903817082388510959939531367,1
corpora/manifesto_pp/61320_201211_pp_wostw.txt,0,w2v,7,3,max_minus,u,10,10,100,0.25,0.09807808714102699,0.4416808390022675736961451247,0.6077806122448979591836734693,0.4682067271352985638699924413,1
corpora/manifesto_pp/61320_201211_pp_wostw.txt,0,w2v,7,3,max_minus,u,10,10,100,0.5,0.03776918632861018,0.441350151171579743008314437,0.6077806122448979591836734693,0.4676398337112622826908541193,1
corpora/manifesto_pp/61320_201211_pp_wostw.txt,0,w2v,7,3,max_minus,u,10,10,100,0.75,0.029164513009362698,0.454506802721088435374149660,0.6077806122448979591836734693,0.4826625094482237339380196523,1
corpora/manifesto_pp/61320_201211_pp_wostw.txt,0,w2v,7,3,max_minus,u,10,10,100,1,0.023433674934169552,0.460695389266817838246409675,0.6077806122448979591836734693,0.4897722978080120937263794407,1
corpora/manifesto_pp/61320_201211_pp_wostw.txt,0,w2v,7,3,max_minus,u,10,10,200,0,0.03126752323277045,0.6076152683295540438397581257,0.6077806122448979591836734693,0.996149848828420256991685563,1
corpora/manifesto_pp/61320_201211_pp_wostw.txt,0,w2v,7,3,max_minus,u,10,10,200,0.25,0.07908066306899626,0.588364512471655328798185941,0.6077806122448979591836734693,0.9283352229780801209372637943,1
corpora/manifesto_pp/61320_201211_pp_wostw.txt,0,w2v,7,3,max_minus,u,10,10,200,0.5,0.0617323081444218,0.4499007936507936507936507937,0.6077806122448979591836734693,0.4819302721088435374149659863,1
corpora/manifesto_pp/61320_201211_pp_wostw.txt,0,w2v,7,3,max_minus,u,10,10,200,0.75,0.031430400951671836,0.463695200302343159486016629,0.6077806122448979591836734693,0.490858843537414965986394558,1
corpora/manifesto_pp/61320_201211_pp_wostw.txt,0,w2v,7,3,max_minus,u,10,10,200,1,0.022421039415170846,0.4674036281179138321995464853,0.6077806122448979591836734693,0.4993858654572940287226001513,1
corpora/manifesto_pp/61320_201211_pp_wostw.txt,0,w2v,7,3,max_minus,u,10,30,5,0,0.018494026090657024,0.4624433106575963718820861677,0.6077806122448979591836734693,0.4881897203325774754346182917,1
corpora/manifesto_pp/61320_201211_pp_wostw.txt,0,w2v,7,3,max_minus,u,10,30,5,0.25,0.01576282167454782,0.4612386621315192743764172337,0.6077806122448979591836734693,0.4931264172335600907029478457,1
corpora/manifesto_pp/61320_201211_pp_wostw.txt,0,w2v,7,3,max_minus,u,10,30,5,0.5,0.01277084548927314,0.465915532879818594104308390,0.6077806122448979591836734693,0.4957246787603930461073318217,1
corpora/manifesto_pp/61320_201211_pp_wostw.txt,0,w2v,7,3,max_minus,u,10,30,5,0.75,0.017696055169763483,0.4637424414210128495842781557,0.6077806122448979591836734693,0.497850529100529100529100529,1
corpora/manifesto_pp/61320_201211_pp_wostw.txt,0,w2v,7,3,max_minus,u,10,30,5,1,0.01237001015169466,0.4763321995464852607709750567,0.6077806122448979591836734693,0.5107473544973544973544973543,1
corpora/manifesto_pp/61320_201211_pp_wostw.txt,0,w2v,7,3,max_minus,u,10,30,10,0,0.014235616028755551,0.4580971277399848828420256993,0.6077806122448979591836734693,0.4834183673469387755102040817,1
corpora/manifesto_pp/61320_201211_pp_wostw.txt,0,w2v,7,3,max_minus,u,10,30,10,0.25,0.014262209137864058,0.4636715797430083144368858653,0.6077806122448979591836734693,0.4917564247921390778533635677,1
corpora/manifesto_pp/61320_201211_pp_wostw.txt,0,w2v,7,3,max_minus,u,10,30,10,0.5,0.012715143476531963,0.4650415721844293272864701437,0.6077806122448979591836734693,0.4951577853363567649281934997,1
corpora/manifesto_pp/61320_201211_pp_wostw.txt,0,w2v,7,3,max_minus,u,10,30,10,0.75,0.014685077106156928,0.4822373393801965230536659107,0.6077806122448979591836734693,0.5190854119425547996976568407,1
corpora/manifesto_pp/61320_201211_pp_wostw.txt,0,w2v,7,3,max_minus,u,10,30,10,1,0.016348739412208508,0.4817649281934996220710506427,0.6077806122448979591836734693,0.5182823129251700680272108843,1
corpora/manifesto_pp/61320_201211_pp_wostw.txt,0,w2v,7,3,max_minus,u,10,30,50,0,0.027530739989913195,0.4482001133786848072562358277,0.6077806122448979591836734693,0.476237717309145880574452003,1
corpora/manifesto_pp/61320_201211_pp_wostw.txt,0,w2v,7,3,max_minus,u,10,30,50,0.25,0.02351298462626135,0.462962962962962962962962963,0.6077806122448979591836734693,0.492465041572184429327286470,1
corpora/manifesto_pp/61320_201211_pp_wostw.txt,0,w2v,7,3,max_minus,u,10,30,50,0.5,0.014086906323615443,0.4680413832199546485260770973,0.6077806122448979591836734693,0.4982284580498866213151927437,1
corpora/manifesto_pp/61320_201211_pp_wostw.txt,0,w2v,7,3,max_minus,u,10,30,50,0.75,0.016074487256188,0.4733796296296296296296296297,0.6077806122448979591836734693,0.5075113378684807256235827663,0.9999763794406651549508692367
corpora/manifesto_pp/61320_201211_pp_wostw.txt,0,w2v,7,3,max_minus,u,10,30,50,1,0.011364196370842836,0.4737811791383219954648526077,0.6077806122448979591836734693,0.508952191987906273620559335,1
corpora/manifesto_pp/61320_201211_pp_wostw.txt,0,w2v,7,3,max_minus,u,10,30,100,0,0.034137872151845404,0.4479166666666666666666666667,0.6077806122448979591836734693,0.4701436130007558578987150417,1
corpora/manifesto_pp/61320_201211_pp_wostw.txt,0,w2v,7,3,max_minus,u,10,30,100,0.25,0.02780769143835211,0.4555697278911564625850340137,0.6077806122448979591836734693,0.4852135298563869992441421013,1
corpora/manifesto_pp/61320_201211_pp_wostw.txt,0,w2v,7,3,max_minus,u,10,30,100,0.5,0.02199929312044885,0.4511526832955404383975812547,0.6077806122448979591836734693,0.4816468253968253968253968253,1
corpora/manifesto_pp/61320_201211_pp_wostw.txt,0,w2v,7,3,max_minus,u,10,30,100,0.75,0.012259529767550398,0.4719623960695389266817838247,0.6077806122448979591836734693,0.5057634164777021919879062737,1
corpora/manifesto_pp/61320_201211_pp_wostw.txt,0,w2v,7,3,max_minus,u,10,30,100,1,0.012258133856669186,0.4739937641723356009070294783,0.6077806122448979591836734693,0.508456160241874527588813303,1
corpora/manifesto_pp/61320_201211_pp_wostw.txt,0,w2v,7,3,max_minus,u,10,30,200,0,0.03899175065018448,0.4388463718820861678004535147,0.6077806122448979591836734693,0.465750188964474678760393046,1
corpora/manifesto_pp/61320_201211_pp_wostw.txt,0,w2v,7,3,max_minus,u,10,30,200,0.25,0.03103217391785341,0.452758881330309901738473167,0.6077806122448979591836734693,0.483087679516250944822373394,1
corpora/manifesto_pp/61320_201211_pp_wostw.txt,0,w2v,7,3,max_minus,u,10,30,200,0.5,0.025298458741304115,0.4615693499622071050642479213,0.6077806122448979591836734693,0.4913548752834467120181405897,1
corpora/manifesto_pp/61320_201211_pp_wostw.txt,0,w2v,7,3,max_minus,u,10,30,200,0.75,0.013539723245892046,0.467450869236583522297808012,0.6077806122448979591836734693,0.5008975812547241118669690097,1
corpora/manifesto_pp/61320_201211_pp_wostw.txt,0,w2v,7,3,max_minus,u,10,30,200,1,0.01298070243491333,0.4735922146636432350718065003,0.6077806122448979591836734693,0.5076294406651549508692365833,1
corpora/manifesto_pp/61320_201211_pp_wostw.txt,0,w2v,7,3,max_minus,u,15,1,5,0,0.0,0.3922193877551020408163265307,0.6077806122448979591836734693,0.3922193877551020408163265307,1
corpora/manifesto_pp/61320_201211_pp_wostw.txt,0,w2v,7,3,max_minus,u,15,1,5,0.25,0.0,0.3922193877551020408163265307,0.6077806122448979591836734693,0.3922193877551020408163265307,1
corpora/manifesto_pp/61320_201211_pp_wostw.txt,0,w2v,7,3,max_minus,u,15,1,5,0.5,0.0,0.3922193877551020408163265307,0.6077806122448979591836734693,0.3922193877551020408163265307,1
corpora/manifesto_pp/61320_201211_pp_wostw.txt,0,w2v,7,3,max_minus,u,15,1,5,0.75,0.0033095948774561983,0.3974867724867724867724867723,0.6077806122448979591836734693,0.4002267573696145124716553287,1
corpora/manifesto_pp/61320_201211_pp_wostw.txt,0,w2v,7,3,max_minus,u,15,1,5,1,0.024859006871029554,0.433815192743764172335600907,0.6077806122448979591836734693,0.4594671201814058956916099773,1
corpora/manifesto_pp/61320_201211_pp_wostw.txt,0,w2v,7,3,max_minus,u,15,1,10,0,0.0,0.3922193877551020408163265307,0.6077806122448979591836734693,0.3922193877551020408163265307,1
corpora/manifesto_pp/61320_201211_pp_wostw.txt,0,w2v,7,3,max_minus,u,15,1,10,0.25,0.0,0.3922193877551020408163265307,0.6077806122448979591836734693,0.3922193877551020408163265307,1
corpora/manifesto_pp/61320_201211_pp_wostw.txt,0,w2v,7,3,max_minus,u,15,1,10,0.5,0.0,0.3922193877551020408163265307,0.6077806122448979591836734693,0.3922193877551020408163265307,1
corpora/manifesto_pp/61320_201211_pp_wostw.txt,0,w2v,7,3,max_minus,u,15,1,10,0.75,0.00512673304039715,0.3985496976568405139833711263,0.6077806122448979591836734693,0.4035572562358276643990929707,1
corpora/manifesto_pp/61320_201211_pp_wostw.txt,0,w2v,7,3,max_minus,u,15,1,10,1,0.027147358168188956,0.4351615646258503401360544217,0.6077806122448979591836734693,0.4668603552532123960695389267,1
corpora/manifesto_pp/61320_201211_pp_wostw.txt,0,w2v,7,3,max_minus,u,15,1,50,0,0.007098137353443011,0.6073790627362055933484504913,0.6077806122448979591836734693,0.998181216931216931216931217,1
corpora/manifesto_pp/61320_201211_pp_wostw.txt,0,w2v,7,3,max_minus,u,15,1,50,0.25,0.008260850812792623,0.6073790627362055933484504913,0.6077806122448979591836734693,0.998181216931216931216931217,1
corpora/manifesto_pp/61320_201211_pp_wostw.txt,0,w2v,7,3,max_minus,u,15,1,50,0.5,0.005429188695747334,0.607969576719576719576719577,0.6077806122448979591836734693,0.997047430083144368858654573,1
corpora/manifesto_pp/61320_201211_pp_wostw.txt,0,w2v,7,3,max_minus,u,15,1,50,0.75,0.01039746226572822,0.6082294028722600151171579743,0.6077806122448979591836734693,0.9941421012849584278155706727,1
corpora/manifesto_pp/61320_201211_pp_wostw.txt,0,w2v,7,3,max_minus,u,15,1,50,1,0.03317119810737013,0.6010015117157974300831443687,0.6077806122448979591836734693,0.9740410052910052910052910053,1
corpora/manifesto_pp/61320_201211_pp_wostw.txt,0,w2v,7,3,max_minus,u,15,1,100,0,0.017928689809387024,0.6077806122448979591836734693,0.6077806122448979591836734693,0.9995748299319727891156462587,1
corpora/manifesto_pp/61320_201211_pp_wostw.txt,0,w2v,7,3,max_minus,u,15,1,100,0.25,0.021533161515965623,0.6077806122448979591836734693,0.6077806122448979591836734693,0.999480347694633408919123205,1
corpora/manifesto_pp/61320_201211_pp_wostw.txt,0,w2v,7,3,max_minus,u,15,1,100,0.5,0.023293850207396317,0.6078042328042328042328042327,0.6077806122448979591836734693,0.9993386243386243386243386243,1
corpora/manifesto_pp/61320_201211_pp_wostw.txt,0,w2v,7,3,max_minus,u,15,1,100,0.75,0.026476466571418028,0.607756991685563114134542706,0.6077806122448979591836734693,0.999362244897959183673469388,1
corpora/manifesto_pp/61320_201211_pp_wostw.txt,0,w2v,7,3,max_minus,u,15,1,100,1,0.03409814309614311,0.6057020030234315948601662887,0.6077806122448979591836734693,0.989914021164021164021164021,1
corpora/manifesto_pp/61320_201211_pp_wostw.txt,0,w2v,7,3,max_minus,u,15,1,200,0,0.016096787851360855,0.6077806122448979591836734693,0.6077806122448979591836734693,1,1
corpora/manifesto_pp/61320_201211_pp_wostw.txt,0,w2v,7,3,max_minus,u,15,1,200,0.25,0.019395600846701107,0.6077806122448979591836734693,0.6077806122448979591836734693,1,1
corpora/manifesto_pp/61320_201211_pp_wostw.txt,0,w2v,7,3,max_minus,u,15,1,200,0.5,0.019520541660890456,0.6077806122448979591836734693,0.6077806122448979591836734693,1,1
corpora/manifesto_pp/61320_201211_pp_wostw.txt,0,w2v,7,3,max_minus,u,15,1,200,0.75,0.019785969265272044,0.6077806122448979591836734693,0.6077806122448979591836734693,1,1
corpora/manifesto_pp/61320_201211_pp_wostw.txt,0,w2v,7,3,max_minus,u,15,1,200,1,0.02115486953903598,0.6077806122448979591836734693,0.6077806122448979591836734693,1,1
corpora/manifesto_pp/61320_201211_pp_wostw.txt,0,w2v,7,3,max_minus,u,15,2,5,0,0.0,0.3922193877551020408163265307,0.6077806122448979591836734693,0.3922193877551020408163265307,1
corpora/manifesto_pp/61320_201211_pp_wostw.txt,0,w2v,7,3,max_minus,u,15,2,5,0.25,0.0,0.3922193877551020408163265307,0.6077806122448979591836734693,0.3922193877551020408163265307,1
corpora/manifesto_pp/61320_201211_pp_wostw.txt,0,w2v,7,3,max_minus,u,15,2,5,0.5,0.022304916527442587,0.4189342403628117913832199547,0.6077806122448979591836734693,0.431665721844293272864701436,1
corpora/manifesto_pp/61320_201211_pp_wostw.txt,0,w2v,7,3,max_minus,u,15,2,5,0.75,0.02416675117343346,0.4404053287981859410430839003,0.6077806122448979591836734693,0.465183295540438397581254724,1
corpora/manifesto_pp/61320_201211_pp_wostw.txt,0,w2v,7,3,max_minus,u,15,2,5,1,0.03394631208588001,0.4040532879818594104308390023,0.6077806122448979591836734693,0.4156273620559334845049130763,1
corpora/manifesto_pp/61320_201211_pp_wostw.txt,0,w2v,7,3,max_minus,u,15,2,10,0,0.0,0.3922193877551020408163265307,0.6077806122448979591836734693,0.3922193877551020408163265307,1
corpora/manifesto_pp/61320_201211_pp_wostw.txt,0,w2v,7,3,max_minus,u,15,2,10,0.25,0.0,0.3922193877551020408163265307,0.6077806122448979591836734693,0.3922193877551020408163265307,1
corpora/manifesto_pp/61320_201211_pp_wostw.txt,0,w2v,7,3,max_minus,u,15,2,10,0.5,0.02329464742298989,0.4364134542705971277399848827,0.6077806122448979591836734693,0.461096938775510204081632653,1
corpora/manifesto_pp/61320_201211_pp_wostw.txt,0,w2v,7,3,max_minus,u,15,2,10,0.75,0.02427519205477326,0.443901171579743008314436886,0.6077806122448979591836734693,0.4723403250188964474678760393,1
corpora/manifesto_pp/61320_201211_pp_wostw.txt,0,w2v,7,3,max_minus,u,15,2,10,1,0.043442810721275614,0.413855820105820105820105820,0.6077806122448979591836734693,0.4272014361300075585789871503,1
corpora/manifesto_pp/61320_201211_pp_wostw.txt,0,w2v,7,3,max_minus,u,15,2,50,0,0.002039803951286723,0.6077806122448979591836734693,0.6077806122448979591836734693,0.9990787981859410430839002267,1
corpora/manifesto_pp/61320_201211_pp_wostw.txt,0,w2v,7,3,max_minus,u,15,2,50,0.25,0.002260397156244169,0.6078042328042328042328042327,0.6077806122448979591836734693,0.996929327286470143613000756,1
corpora/manifesto_pp/61320_201211_pp_wostw.txt,0,w2v,7,3,max_minus,u,15,2,50,0.5,0.01911553447648792,0.607024754346182917611489040,0.6077806122448979591836734693,0.9944019274376417233560090703,1
corpora/manifesto_pp/61320_201211_pp_wostw.txt,0,w2v,7,3,max_minus,u,15,2,50,0.75,0.07013903632712808,0.562500000000000000000000000,0.6077806122448979591836734693,0.866095049130763416477702192,1
corpora/manifesto_pp/61320_201211_pp_wostw.txt,0,w2v,7,3,max_minus,u,15,2,50,1,0.10027400912120465,0.4156982237339380196523053667,0.6077806122448979591836734693,0.427626606198034769463340892,1
corpora/manifesto_pp/61320_201211_pp_wostw.txt,0,w2v,7,3,max_minus,u,15,2,100,0,0.020380112373344753,0.6080168178382464096749811033,0.6077806122448979591836734693,0.9990079365079365079365079367,1
corpora/manifesto_pp/61320_201211_pp_wostw.txt,0,w2v,7,3,max_minus,u,15,2,100,0.25,0.020583513977275678,0.6079459561602418745275888133,0.6077806122448979591836734693,0.9991732804232804232804232803,1
corpora/manifesto_pp/61320_201211_pp_wostw.txt,0,w2v,7,3,max_minus,u,15,2,100,0.5,0.02753891085961813,0.607875094482237339380196523,0.6077806122448979591836734693,0.9985591458805744520030234317,1
corpora/manifesto_pp/61320_201211_pp_wostw.txt,0,w2v,7,3,max_minus,u,15,2,100,0.75,0.047575095765857466,0.5946712018140589569160997733,0.6077806122448979591836734693,0.9617346938775510204081632653,1
corpora/manifesto_pp/61320_201211_pp_wostw.txt,0,w2v,7,3,max_minus,u,15,2,100,1,0.12162710523508508,0.4312877928949357520786092213,0.6077806122448979591836734693,0.4574829931972789115646258503,1
corpora/manifesto_pp/61320_201211_pp_wostw.txt,0,w2v,7,3,max_minus,u,15,2,200,0,0.022964634612180398,0.6077806122448979591836734693,0.6077806122448979591836734693,1,1
corpora/manifesto_pp/61320_201211_pp_wostw.txt,0,w2v,7,3,max_minus,u,15,2,200,0.25,0.017820233076524347,0.6077333711262282690854119423,0.6077806122448979591836734693,0.9999527588813303099017384733,1
corpora/manifesto_pp/61320_201211_pp_wostw.txt,0,w2v,7,3,max_minus,u,15,2,200,0.5,0.024616848954396194,0.607804232804232804232804233,0.6077806122448979591836734693,0.9997401738473167044595616027,1
corpora/manifesto_pp/61320_201211_pp_wostw.txt,0,w2v,7,3,max_minus,u,15,2,200,0.75,0.02159952007446271,0.6078278533635676492819349963,0.6077806122448979591836734693,0.999834656084656084656084656,1
corpora/manifesto_pp/61320_201211_pp_wostw.txt,0,w2v,7,3,max_minus,u,15,2,200,1,0.03130864569056709,0.6066468253968253968253968253,0.6077806122448979591836734693,0.9962443310657596371882086167,1
corpora/manifesto_pp/61320_201211_pp_wostw.txt,0,w2v,7,3,max_minus,u,15,5,5,0,0.019159528546814835,0.4223119803476946334089191233,0.6077806122448979591836734693,0.433366402116402116402116402,1
corpora/manifesto_pp/61320_201211_pp_wostw.txt,0,w2v,7,3,max_minus,u,15,5,5,0.25,0.024235563287679954,0.4407596371882086167800453513,0.6077806122448979591836734693,0.465915532879818594104308390,1
corpora/manifesto_pp/61320_201211_pp_wostw.txt,0,w2v,7,3,max_minus,u,15,5,5,0.5,0.03782722378494119,0.4227135298563869992441421013,0.6077806122448979591836734693,0.435350529100529100529100529,1
corpora/manifesto_pp/61320_201211_pp_wostw.txt,0,w2v,7,3,max_minus,u,15,5,5,0.75,0.025627476948480953,0.4218631897203325774754346183,0.6077806122448979591836734693,0.4392479213907785336356764927,1
corpora/manifesto_pp/61320_201211_pp_wostw.txt,0,w2v,7,3,max_minus,u,15,5,5,1,0.024255508511237162,0.432563303099017384731670446,0.6077806122448979591836734693,0.4501606198034769463340891913,1
corpora/manifesto_pp/61320_201211_pp_wostw.txt,0,w2v,7,3,max_minus,u,15,5,10,0,0.012108739168592833,0.4115410052910052910052910053,0.6077806122448979591836734693,0.4217687074829931972789115647,1
corpora/manifesto_pp/61320_201211_pp_wostw.txt,0,w2v,7,3,max_minus,u,15,5,10,0.25,0.018496664968135082,0.444538926681783824640967498,0.6077806122448979591836734693,0.4704743008314436885865457293,1
corpora/manifesto_pp/61320_201211_pp_wostw.txt,0,w2v,7,3,max_minus,u,15,5,10,0.5,0.03706664334005228,0.4237528344671201814058956917,0.6077806122448979591836734693,0.4371456916099773242630385487,1
corpora/manifesto_pp/61320_201211_pp_wostw.txt,0,w2v,7,3,max_minus,u,15,5,10,0.75,0.020554843233529938,0.436248110355253212396069539,0.6077806122448979591836734693,0.452522675736961451247165533,1
corpora/manifesto_pp/61320_201211_pp_wostw.txt,0,w2v,7,3,max_minus,u,15,5,10,1,0.02165150799898878,0.4494283824640967498110355253,0.6077806122448979591836734693,0.4675925925925925925925925927,1
corpora/manifesto_pp/61320_201211_pp_wostw.txt,0,w2v,7,3,max_minus,u,15,5,50,0,0.018353418597219267,0.607308201058201058201058201,0.6077806122448979591836734693,0.9948034769463340891912320483,1
corpora/manifesto_pp/61320_201211_pp_wostw.txt,0,w2v,7,3,max_minus,u,15,5,50,0.25,0.07694847766906047,0.5928760393046107331821617537,0.6077806122448979591836734693,0.9277683295540438397581254723,0.9999527588813303099017384733
corpora/manifesto_pp/61320_201211_pp_wostw.txt,0,w2v,7,3,max_minus,u,15,5,50,0.5,0.10062781682363091,0.4128637566137566137566137567,0.6077806122448979591836734693,0.4251464474678760393046107333,1
corpora/manifesto_pp/61320_201211_pp_wostw.txt,0,w2v,7,3,max_minus,u,15,5,50,0.75,0.04607847649736471,0.416619425547996976568405140,0.6077806122448979591836734693,0.4357520786092214663643235073,1
corpora/manifesto_pp/61320_201211_pp_wostw.txt,0,w2v,7,3,max_minus,u,15,5,50,1,0.029826784900095108,0.4344057067271352985638699923,0.6077806122448979591836734693,0.4539871504157218442932728647,1
corpora/manifesto_pp/61320_201211_pp_wostw.txt,0,w2v,7,3,max_minus,u,15,5,100,0,0.02925600976852266,0.607686130007558578987150416,0.6077806122448979591836734693,0.9974253590325018896447467877,1
corpora/manifesto_pp/61320_201211_pp_wostw.txt,0,w2v,7,3,max_minus,u,15,5,100,0.25,0.10648627815306794,0.5757275132275132275132275133,0.6077806122448979591836734693,0.8962348828420256991685563113,1
corpora/manifesto_pp/61320_201211_pp_wostw.txt,0,w2v,7,3,max_minus,u,15,5,100,0.5,0.14859476301070176,0.4118953136810279667422524567,0.6077806122448979591836734693,0.4370039682539682539682539683,1
corpora/manifesto_pp/61320_201211_pp_wostw.txt,0,w2v,7,3,max_minus,u,15,5,100,0.75,0.06900572021945317,0.4164304610733182161753590327,0.6077806122448979591836734693,0.4337915721844293272864701437,1
corpora/manifesto_pp/61320_201211_pp_wostw.txt,0,w2v,7,3,max_minus,u,15,5,100,1,0.040694199324236645,0.422359221466364323507180650,0.6077806122448979591836734693,0.4404761904761904761904761903,1
corpora/manifesto_pp/61320_201211_pp_wostw.txt,0,w2v,7,3,max_minus,u,15,5,200,0,0.025095066361893913,0.6078514739229024943310657597,0.6077806122448979591836734693,0.9998346560846560846560846563,1
corpora/manifesto_pp/61320_201211_pp_wostw.txt,0,w2v,7,3,max_minus,u,15,5,200,0.25,0.026740069836205253,0.6079223356009070294784580497,0.6077806122448979591836734693,0.9995039682539682539682539683,1
corpora/manifesto_pp/61320_201211_pp_wostw.txt,0,w2v,7,3,max_minus,u,15,5,200,0.5,0.03828588716939263,0.608087679516250944822373394,0.6077806122448979591836734693,0.997897770219198790627362056,1
corpora/manifesto_pp/61320_201211_pp_wostw.txt,0,w2v,7,3,max_minus,u,15,5,200,0.75,0.12418774736973143,0.4343348450491307634164777023,0.6077806122448979591836734693,0.4954176114890400604686318973,1
corpora/manifesto_pp/61320_201211_pp_wostw.txt,0,w2v,7,3,max_minus,u,15,5,200,1,0.06221695540978058,0.432846749811035525321239607,0.6077806122448979591836734693,0.4533021541950113378684807257,1
corpora/manifesto_pp/61320_201211_pp_wostw.txt,0,w2v,7,3,max_minus,u,15,10,5,0,0.018029551339196065,0.442035147392290249433106576,0.6077806122448979591836734693,0.4636007180650037792894935753,1
corpora/manifesto_pp/61320_201211_pp_wostw.txt,0,w2v,7,3,max_minus,u,15,10,5,0.25,0.030267955701196194,0.4299178004535147392290249433,0.6077806122448979591836734693,0.444822373393801965230536659,1
corpora/manifesto_pp/61320_201211_pp_wostw.txt,0,w2v,7,3,max_minus,u,15,10,5,0.5,0.025215895203179867,0.4351851851851851851851851853,0.6077806122448979591836734693,0.4527116402116402116402116403,1
corpora/manifesto_pp/61320_201211_pp_wostw.txt,0,w2v,7,3,max_minus,u,15,10,5,0.75,0.020525016180520196,0.438917233560090702947845805,0.6077806122448979591836734693,0.459112811791383219954648526,1
corpora/manifesto_pp/61320_201211_pp_wostw.txt,0,w2v,7,3,max_minus,u,15,10,5,1,0.019629640998457053,0.4297524565381708238851095993,0.6077806122448979591836734693,0.4531131897203325774754346183,1
corpora/manifesto_pp/61320_201211_pp_wostw.txt,0,w2v,7,3,max_minus,u,15,10,10,0,0.018364673530921586,0.4430272108843537414965986393,0.6077806122448979591836734693,0.468183106575963718820861678,1
corpora/manifesto_pp/61320_201211_pp_wostw.txt,0,w2v,7,3,max_minus,u,15,10,10,0.25,0.031915794843232925,0.4243197278911564625850340137,0.6077806122448979591836734693,0.4413973922902494331065759637,1
corpora/manifesto_pp/61320_201211_pp_wostw.txt,0,w2v,7,3,max_minus,u,15,10,10,0.5,0.019945732103627583,0.4358938019652305366591080877,0.6077806122448979591836734693,0.454979213907785336356764928,1
corpora/manifesto_pp/61320_201211_pp_wostw.txt,0,w2v,7,3,max_minus,u,15,10,10,0.75,0.020119759697062735,0.4521211262282690854119425547,0.6077806122448979591836734693,0.470852229780801209372637944,1
corpora/manifesto_pp/61320_201211_pp_wostw.txt,0,w2v,7,3,max_minus,u,15,10,10,1,0.020318700291875064,0.449688208616780045351473923,0.6077806122448979591836734693,0.471867913832199546485260771,1
corpora/manifesto_pp/61320_201211_pp_wostw.txt,0,w2v,7,3,max_minus,u,15,10,50,0,0.03725934619010247,0.5054091080876795162509448227,0.6077806122448979591836734693,0.7381897203325774754346182917,1
corpora/manifesto_pp/61320_201211_pp_wostw.txt,0,w2v,7,3,max_minus,u,15,10,50,0.25,0.04523713002405177,0.417989417989417989417989418,0.6077806122448979591836734693,0.4319727891156462585034013607,1
corpora/manifesto_pp/61320_201211_pp_wostw.txt,0,w2v,7,3,max_minus,u,15,10,50,0.5,0.03726481560281131,0.4195956160241874527588813303,0.6077806122448979591836734693,0.440665154950869236583522298,1
corpora/manifesto_pp/61320_201211_pp_wostw.txt,0,w2v,7,3,max_minus,u,15,10,50,0.75,0.024312351126045878,0.4380432728647014361300075587,0.6077806122448979591836734693,0.4566326530612244897959183673,1
corpora/manifesto_pp/61320_201211_pp_wostw.txt,0,w2v,7,3,max_minus,u,15,10,50,1,0.01770889598290417,0.439720332577475434618291761,0.6077806122448979591836734693,0.461663832199546485260770975,1
corpora/manifesto_pp/61320_201211_pp_wostw.txt,0,w2v,7,3,max_minus,u,15,10,100,0,0.10016311065163995,0.4859221466364323507180650037,0.6077806122448979591836734693,0.6358182161753590325018896447,1
corpora/manifesto_pp/61320_201211_pp_wostw.txt,0,w2v,7,3,max_minus,u,15,10,100,0.25,0.10021727451808858,0.416855631141345427059712774,0.6077806122448979591836734693,0.4363425925925925925925925927,1
corpora/manifesto_pp/61320_201211_pp_wostw.txt,0,w2v,7,3,max_minus,u,15,10,100,0.5,0.03915039480597183,0.425311791383219954648526077,0.6077806122448979591836734693,0.443735827664399092970521542,1
corpora/manifesto_pp/61320_201211_pp_wostw.txt,0,w2v,7,3,max_minus,u,15,10,100,0.75,0.036997609776626354,0.4351379440665154950869236583,0.6077806122448979591836734693,0.4529714663643235071806500377,1
corpora/manifesto_pp/61320_201211_pp_wostw.txt,0,w2v,7,3,max_minus,u,15,10,100,1,0.02081830460004656,0.4378543083900226757369614513,0.6077806122448979591836734693,0.4599395313681027966742252457,1
corpora/manifesto_pp/61320_201211_pp_wostw.txt,0,w2v,7,3,max_minus,u,15,10,200,0,0.033234261071804466,0.6086545729402872260015117157,0.6077806122448979591836734693,0.998417422524565381708238851,1
corpora/manifesto_pp/61320_201211_pp_wostw.txt,0,w2v,7,3,max_minus,u,15,10,200,0.25,0.09191928275577799,0.5787037037037037037037037037,0.6077806122448979591836734693,0.9122968631897203325774754347,1
corpora/manifesto_pp/61320_201211_pp_wostw.txt,0,w2v,7,3,max_minus,u,15,10,200,0.5,0.09594029325460603,0.4267526455026455026455026453,0.6077806122448979591836734693,0.450656651549508692365835223,1
corpora/manifesto_pp/61320_201211_pp_wostw.txt,0,w2v,7,3,max_minus,u,15,10,200,0.75,0.030229202038948983,0.4274376417233560090702947847,0.6077806122448979591836734693,0.4488142479213907785336356763,1
corpora/manifesto_pp/61320_201211_pp_wostw.txt,0,w2v,7,3,max_minus,u,15,10,200,1,0.02602367252116301,0.4430272108843537414965986393,0.6077806122448979591836734693,0.462277966742252456538170824,1
corpora/manifesto_pp/61320_201211_pp_wostw.txt,0,w2v,7,3,max_minus,u,15,30,5,0,0.029000587430924384,0.4368622448979591836734693877,0.6077806122448979591836734693,0.453939909297052154195011338,1
corpora/manifesto_pp/61320_201211_pp_wostw.txt,0,w2v,7,3,max_minus,u,15,30,5,0.25,0.02007103073620652,0.435563114134542705971277400,0.6077806122448979591836734693,0.4579317838246409674981103553,1
corpora/manifesto_pp/61320_201211_pp_wostw.txt,0,w2v,7,3,max_minus,u,15,30,5,0.5,0.018587480974341163,0.453609221466364323507180650,0.6077806122448979591836734693,0.4753637566137566137566137567,1
corpora/manifesto_pp/61320_201211_pp_wostw.txt,0,w2v,7,3,max_minus,u,15,30,5,0.75,0.018824437891283515,0.452924225245653817082388511,0.6077806122448979591836734693,0.4763794406651549508692365837,1
corpora/manifesto_pp/61320_201211_pp_wostw.txt,0,w2v,7,3,max_minus,u,15,30,5,1,0.014654326452003577,0.4529714663643235071806500377,0.6077806122448979591836734693,0.477135298563869992441421013,1
corpora/manifesto_pp/61320_201211_pp_wostw.txt,0,w2v,7,3,max_minus,u,15,30,10,0,0.018000648380412917,0.437098450491307634164777022,0.6077806122448979591836734693,0.4558531746031746031746031747,1
corpora/manifesto_pp/61320_201211_pp_wostw.txt,0,w2v,7,3,max_minus,u,15,30,10,0.25,0.021724825054290454,0.4467120181405895691609977323,0.6077806122448979591836734693,0.465466742252456538170823885,1
corpora/manifesto_pp/61320_201211_pp_wostw.txt,0,w2v,7,3,max_minus,u,15,30,10,0.5,0.01870743007633231,0.4531131897203325774754346183,0.6077806122448979591836734693,0.4748913454270597127739984883,1
corpora/manifesto_pp/61320_201211_pp_wostw.txt,0,w2v,7,3,max_minus,u,15,30,10,0.75,0.017620001557881418,0.4458616780045351473922902493,0.6077806122448979591836734693,0.4692460317460317460317460317,1
corpora/manifesto_pp/61320_201211_pp_wostw.txt,0,w2v,7,3,max_minus,u,15,30,10,1,0.01845983580607472,0.4512471655328798185941043083,0.6077806122448979591836734693,0.476922713529856386999244142,1
corpora/manifesto_pp/61320_201211_pp_wostw.txt,0,w2v,7,3,max_minus,u,15,30,50,0,0.03416858799136641,0.4315239984882842025699168557,0.6077806122448979591836734693,0.4495937263794406651549508693,1
corpora/manifesto_pp/61320_201211_pp_wostw.txt,0,w2v,7,3,max_minus,u,15,30,50,0.25,0.023744460074902014,0.441751700680272108843537415,0.6077806122448979591836734693,0.460411942554799697656840514,1
corpora/manifesto_pp/61320_201211_pp_wostw.txt,0,w2v,7,3,max_minus,u,15,30,50,0.5,0.024382787709490806,0.441468253968253968253968254,0.6077806122448979591836734693,0.460293839758125472411186697,1
corpora/manifesto_pp/61320_201211_pp_wostw.txt,0,w2v,7,3,max_minus,u,15,30,50,0.75,0.01974764504521194,0.457695578231292517006802721,0.6077806122448979591836734693,0.4811035525321239606953892667,1
corpora/manifesto_pp/61320_201211_pp_wostw.txt,0,w2v,7,3,max_minus,u,15,30,50,1,0.018541784042552013,0.4498299319727891156462585033,0.6077806122448979591836734693,0.4745606575963718820861678003,1
corpora/manifesto_pp/61320_201211_pp_wostw.txt,0,w2v,7,3,max_minus,u,15,30,100,0,0.04516901616046829,0.422760770975056689342403628,0.6077806122448979591836734693,0.4412320483749055177626606197,1
corpora/manifesto_pp/61320_201211_pp_wostw.txt,0,w2v,7,3,max_minus,u,15,30,100,0.25,0.028423139765834354,0.4354686318972033257747543463,0.6077806122448979591836734693,0.456042139077853363567649282,1
corpora/manifesto_pp/61320_201211_pp_wostw.txt,0,w2v,7,3,max_minus,u,15,30,100,0.5,0.026553464935949803,0.4470663265306122448979591837,0.6077806122448979591836734693,0.4674272486772486772486772487,1
corpora/manifesto_pp/61320_201211_pp_wostw.txt,0,w2v,7,3,max_minus,u,15,30,100,0.75,0.023119220186999957,0.4456963340891912320483749057,0.6077806122448979591836734693,0.469033446712018140589569161,1
corpora/manifesto_pp/61320_201211_pp_wostw.txt,0,w2v,7,3,max_minus,u,15,30,100,1,0.02041250606706983,0.446168745275888133030990174,0.6077806122448979591836734693,0.4695767195767195767195767197,1
corpora/manifesto_pp/61320_201211_pp_wostw.txt,0,w2v,7,3,max_minus,u,15,30,200,0,0.06869179906921065,0.4220993953136810279667422523,0.6077806122448979591836734693,0.444704270597127739984882842,1
corpora/manifesto_pp/61320_201211_pp_wostw.txt,0,w2v,7,3,max_minus,u,15,30,200,0.25,0.03793914673630749,0.440783257747543461829176115,0.6077806122448979591836734693,0.4586404006046863189720332577,1
corpora/manifesto_pp/61320_201211_pp_wostw.txt,0,w2v,7,3,max_minus,u,15,30,200,0.5,0.03269029544866012,0.4413737717309145880574452003,0.6077806122448979591836734693,0.462561413454270597127739985,1
corpora/manifesto_pp/61320_201211_pp_wostw.txt,0,w2v,7,3,max_minus,u,15,30,200,0.75,0.02719460468718003,0.448436318972033257747543462,0.6077806122448979591836734693,0.4699310279667422524565381707,1
corpora/manifesto_pp/61320_201211_pp_wostw.txt,0,w2v,7,3,max_minus,u,15,30,200,1,0.01740414299487769,0.4412792894935752078609221467,0.6077806122448979591836734693,0.4662698412698412698412698413,1
